image,n_gt,gain_recall,gain_precision,student_tp,student_fp,student_fn,teacher_tp,teacher_fp,teacher_fn,kd_tp,kd_fp,kd_fn
009602,8,4,0,1,1,7,5,1,3,5,1,3
009854,24,3,0,20,6,4,23,1,1,23,6,1
003076,19,3,0,16,0,3,17,1,2,19,0,0
005291,4,3,-1,1,0,3,3,2,1,4,1,0
006984,18,2,4,13,6,5,16,3,2,15,2,3
001416,4,2,2,1,4,3,1,4,3,3,2,1
006591,3,2,2,1,3,2,2,0,1,3,1,0
008178,3,2,2,0,3,3,1,3,2,2,1,1
000618,2,2,2,0,4,2,1,0,1,2,2,0
008820,2,2,2,0,2,2,2,0,0,2,0,0
000693,11,2,1,9,2,2,11,1,0,11,1,0
002788,9,2,1,5,1,4,5,3,4,7,0,2
001974,7,2,1,4,2,3,4,3,3,6,1,1
001276,6,2,1,4,3,2,5,4,1,6,2,0
002035,6,2,1,3,3,3,4,1,2,5,2,1
006142,6,2,1,2,2,4,5,5,1,4,1,2
000852,5,2,1,1,1,4,1,1,4,3,0,2
008616,5,2,1,3,3,2,5,2,0,5,2,0
009931,5,2,1,2,1,3,3,0,2,4,0,1
005753,4,2,1,2,2,2,1,4,3,4,1,0
008671,4,2,1,1,3,3,2,2,2,3,2,1
004669,2,2,1,0,2,2,0,2,2,2,1,0
008304,2,2,1,0,1,2,1,0,1,2,0,0
000547,22,2,0,8,7,14,8,7,14,10,7,12
003833,14,2,0,11,2,3,10,3,4,13,2,1
005088,10,2,0,7,2,3,7,1,3,9,2,1
006796,10,2,0,6,1,4,8,4,2,8,1,2
009356,9,2,0,7,4,2,9,0,0,9,4,0
009539,8,2,0,6,1,2,6,0,2,8,1,0
003323,7,2,0,4,3,3,6,1,1,6,3,1
007456,6,2,0,3,3,3,4,2,2,5,3,1
009903,5,2,0,3,0,2,5,0,0,5,0,0
008501,4,2,0,2,2,2,0,0,4,4,2,0
000883,3,2,0,1,2,2,1,1,2,3,2,0
003193,3,2,0,1,2,2,3,0,0,3,2,0
008652,3,2,0,1,0,2,1,0,2,3,0,0
004306,2,2,0,0,1,2,2,0,0,2,1,0
006157,2,2,0,0,0,2,2,1,0,2,0,0
008056,2,2,0,0,0,2,1,0,1,2,0,0
002781,11,2,-1,9,4,2,10,5,1,11,5,0
004218,8,2,-1,6,4,2,8,4,0,8,5,0
000960,7,2,-1,3,0,4,4,1,3,5,1,2
006541,7,2,-1,5,0,2,6,1,1,7,1,0
009829,5,2,-1,2,3,3,3,2,2,4,4,1
007293,4,2,-1,2,0,2,2,1,2,4,1,0
001076,3,2,-1,1,0,2,1,0,2,3,1,0
009705,5,2,-3,3,0,2,4,5,1,5,3,0
001245,3,1,5,2,5,1,3,0,0,3,0,0
001635,3,1,5,2,8,1,3,1,0,3,3,0
007644,15,1,4,6,6,9,7,2,8,7,2,8
000234,4,1,4,2,5,2,3,2,1,3,1,1
009482,13,1,3,7,9,6,8,8,5,8,6,5
008418,6,1,3,5,4,1,6,1,0,6,1,0
001037,5,1,3,4,3,1,5,0,0,5,0,0
002326,5,1,3,4,4,1,5,1,0,5,1,0
002971,5,1,3,3,5,2,4,0,1,4,2,1
003573,5,1,3,4,3,1,4,3,1,5,0,0
006624,4,1,3,2,7,2,2,5,2,3,4,1
004739,3,1,3,2,6,1,3,2,0,3,3,0
003952,1,1,3,0,3,1,1,1,0,1,0,0
006226,14,1,2,11,5,3,12,3,2,12,3,2
002773,13,1,2,11,7,2,12,11,1,12,5,1
005570,9,1,2,8,4,1,9,2,0,9,2,0
002211,8,1,2,7,3,1,7,2,1,8,1,0
004629,8,1,2,7,4,1,7,1,1,8,2,0
009047,8,1,2,5,4,3,6,1,2,6,2,2
007053,7,1,2,5,6,2,6,4,1,6,4,1
008528,7,1,2,6,3,1,6,2,1,7,1,0
000893,6,1,2,0,3,6,0,1,6,1,1,5
005533,6,1,2,3,3,3,3,1,3,4,1,2
005698,6,1,2,5,7,1,6,5,0,6,5,0
005866,5,1,2,2,2,3,2,2,3,3,0,2
002389,4,1,2,3,4,1,4,3,0,4,2,0
006478,4,1,2,1,4,3,2,2,2,2,2,2
006861,4,1,2,3,2,1,4,1,0,4,0,0
000758,3,1,2,1,2,2,1,0,2,2,0,1
003643,3,1,2,2,3,1,2,3,1,3,1,0
005255,3,1,2,2,3,1,1,1,2,3,1,0
006758,3,1,2,0,2,3,1,1,2,1,0,2
008156,3,1,2,2,3,1,3,1,0,3,1,0
001866,2,1,2,1,2,1,2,0,0,2,0,0
002531,2,1,2,1,4,1,2,1,0,2,2,0
003192,2,1,2,0,2,2,0,0,2,1,0,1
003730,2,1,2,1,3,1,2,1,0,2,1,0
007444,2,1,2,1,2,1,1,1,1,2,0,0
003144,1,1,2,0,2,1,1,0,0,1,0,0
004875,1,1,2,0,2,1,0,1,1,1,0,0
005833,1,1,2,0,5,1,1,3,0,1,3,0
007866,1,1,2,0,2,1,1,0,0,1,0,0
008308,1,1,2,0,3,1,0,1,1,1,1,0
009826,1,1,2,0,2,1,1,0,0,1,0,0
004469,13,1,1,10,1,3,11,2,2,11,0,2
004640,13,1,1,12,5,1,12,2,1,13,4,0
000744,12,1,1,11,4,1,12,1,0,12,3,0
009169,12,1,1,8,2,4,8,1,4,9,1,3
005622,11,1,1,8,3,3,9,2,2,9,2,2
006546,9,1,1,8,4,1,9,4,0,9,3,0
008765,9,1,1,7,2,2,8,1,1,8,1,1
009804,9,1,1,2,2,7,3,1,6,3,1,6
003276,8,1,1,7,4,1,8,3,0,8,3,0
006469,8,1,1,6,3,2,6,2,2,7,2,1
000607,7,1,1,5,2,2,5,0,2,6,1,1
000687,6,1,1,5,5,1,5,6,1,6,4,0
002235,6,1,1,4,7,2,5,4,1,5,6,1
002676,6,1,1,5,2,1,5,1,1,6,1,0
003515,6,1,1,2,1,4,2,0,4,3,0,3
003619,6,1,1,4,2,2,4,0,2,5,1,1
005754,6,1,1,5,2,1,5,1,1,6,1,0
009630,6,1,1,4,1,2,4,1,2,5,0,1
000280,5,1,1,4,4,1,3,2,2,5,3,0
002587,5,1,1,4,3,1,4,0,1,5,2,0
004167,5,1,1,4,2,1,5,0,0,5,1,0
005074,5,1,1,1,5,4,3,4,2,2,4,3
007785,5,1,1,4,1,1,4,2,1,5,0,0
009665,5,1,1,2,1,3,4,1,1,3,0,2
000179,4,1,1,2,1,2,2,1,2,3,0,1
000504,4,1,1,2,1,2,3,0,1,3,0,1
000532,4,1,1,3,1,1,4,0,0,4,0,0
001340,4,1,1,2,1,2,3,0,1,3,0,1
001905,4,1,1,3,3,1,4,1,0,4,2,0
002856,4,1,1,3,4,1,4,2,0,4,3,0
003348,4,1,1,3,1,1,4,0,0,4,0,0
006054,4,1,1,2,1,2,3,0,1,3,0,1
008868,4,1,1,3,4,1,2,1,2,4,3,0
009328,4,1,1,2,1,2,3,0,1,3,0,1
000481,3,1,1,0,2,3,1,1,2,1,1,2
001508,3,1,1,0,1,3,1,0,2,1,0,2
001671,3,1,1,0,1,3,0,1,3,1,0,2
002686,3,1,1,2,1,1,3,0,0,3,0,0
003179,3,1,1,2,2,1,2,2,1,3,1,0
004056,3,1,1,0,1,3,0,0,3,1,0,2
004065,3,1,1,2,1,1,3,0,0,3,0,0
004443,3,1,1,1,4,2,2,5,1,2,3,1
004665,3,1,1,2,2,1,2,1,1,3,1,0
005711,3,1,1,1,1,2,1,1,2,2,0,1
006376,3,1,1,2,1,1,3,1,0,3,0,0
006774,3,1,1,2,1,1,2,2,1,3,0,0
007462,3,1,1,2,2,1,3,1,0,3,1,0
008463,3,1,1,2,1,1,2,0,1,3,0,0
008869,3,1,1,1,2,2,1,3,2,2,1,1
000260,2,1,1,1,2,1,2,0,0,2,1,0
000385,2,1,1,1,1,1,2,1,0,2,0,0
000572,2,1,1,0,1,2,1,0,1,1,0,1
000650,2,1,1,1,4,1,1,4,1,2,3,0
001549,2,1,1,1,1,1,2,0,0,2,0,0
001592,2,1,1,1,2,1,2,0,0,2,1,0
002269,2,1,1,1,1,1,2,1,0,2,0,0
002846,2,1,1,1,1,1,2,1,0,2,0,0
003265,2,1,1,1,2,1,2,1,0,2,1,0
003432,2,1,1,1,1,1,2,0,0,2,0,0
004004,2,1,1,1,2,1,2,1,0,2,1,0
004112,2,1,1,1,1,1,1,1,1,2,0,0
004521,2,1,1,1,2,1,2,1,0,2,1,0
004893,2,1,1,1,2,1,1,3,1,2,1,0
004915,2,1,1,0,1,2,1,0,1,1,0,1
005051,2,1,1,1,1,1,1,0,1,2,0,0
005193,2,1,1,1,1,1,2,0,0,2,0,0
005667,2,1,1,0,5,2,1,4,1,1,4,1
005675,2,1,1,1,1,1,1,2,1,2,0,0
005724,2,1,1,1,1,1,1,1,1,2,0,0
006060,2,1,1,1,2,1,2,1,0,2,1,0
006405,2,1,1,1,2,1,1,2,1,2,1,0
006764,2,1,1,1,1,1,2,0,0,2,0,0
007171,2,1,1,1,1,1,1,1,1,2,0,0
007726,2,1,1,1,1,1,2,1,0,2,0,0
008217,2,1,1,0,2,2,2,1,0,1,1,1
008396,2,1,1,1,3,1,2,2,0,2,2,0
008481,2,1,1,0,1,2,2,0,0,1,0,1
008516,2,1,1,0,2,2,1,0,1,1,1,1
009225,2,1,1,0,3,2,2,1,0,1,2,1
000444,1,1,1,0,2,1,1,0,0,1,1,0
000573,1,1,1,0,3,1,1,2,0,1,2,0
000766,1,1,1,0,1,1,1,0,0,1,0,0
000905,1,1,1,0,2,1,0,2,1,1,1,0
001454,1,1,1,0,1,1,1,0,0,1,0,0
001505,1,1,1,0,1,1,1,0,0,1,0,0
001751,1,1,1,0,1,1,1,0,0,1,0,0
001939,1,1,1,0,1,1,1,0,0,1,0,0
002038,1,1,1,0,1,1,1,0,0,1,0,0
002127,1,1,1,0,2,1,1,1,0,1,1,0
002164,1,1,1,0,2,1,1,1,0,1,1,0
002408,1,1,1,0,3,1,1,1,0,1,2,0
002619,1,1,1,0,1,1,1,0,0,1,0,0
002922,1,1,1,0,1,1,1,0,0,1,0,0
003982,1,1,1,0,4,1,1,2,0,1,3,0
004044,1,1,1,0,1,1,0,1,1,1,0,0
004130,1,1,1,0,1,1,1,0,0,1,0,0
004139,1,1,1,0,2,1,1,2,0,1,1,0
004332,1,1,1,0,1,1,1,0,0,1,0,0
004817,1,1,1,0,1,1,1,0,0,1,0,0
005162,1,1,1,0,1,1,1,0,0,1,0,0
005543,1,1,1,0,4,1,1,1,0,1,3,0
005569,1,1,1,0,2,1,1,0,0,1,1,0
006211,1,1,1,0,1,1,1,0,0,1,0,0
006343,1,1,1,0,1,1,0,1,1,1,0,0
007380,1,1,1,0,1,1,1,0,0,1,0,0
007403,1,1,1,0,1,1,1,0,0,1,0,0
007539,1,1,1,0,1,1,1,0,0,1,0,0
008532,1,1,1,0,1,1,1,1,0,1,0,0
008552,1,1,1,0,1,1,0,0,1,1,0,0
008600,1,1,1,0,4,1,1,2,0,1,3,0
008704,1,1,1,0,2,1,1,1,0,1,1,0
008743,1,1,1,0,1,1,1,0,0,1,0,0
008866,1,1,1,0,1,1,1,0,0,1,0,0
009925,1,1,1,0,4,1,0,2,1,1,3,0
000784,16,1,0,13,3,3,14,4,2,14,3,2
003123,15,1,0,12,3,3,12,3,3,13,3,2
003680,14,1,0,11,2,3,13,4,1,12,2,2
007744,14,1,0,12,2,2,14,2,0,13,2,1
000076,11,1,0,9,1,2,10,1,1,10,1,1
000377,11,1,0,10,0,1,11,0,0,11,0,0
002614,10,1,0,9,2,1,10,2,0,10,2,0
003220,9,1,0,8,4,1,9,2,0,9,4,0
004449,8,1,0,6,2,2,6,3,2,7,2,1
005017,7,1,0,6,0,1,7,0,0,7,0,0
000166,6,1,0,5,0,1,6,1,0,6,0,0
000606,6,1,0,5,0,1,6,0,0,6,0,0
004810,6,1,0,5,1,1,5,0,1,6,1,0
005635,6,1,0,4,3,2,5,4,1,5,3,1
006517,6,1,0,5,1,1,5,0,1,6,1,0
006757,6,1,0,5,3,1,5,1,1,6,3,0
007057,6,1,0,4,1,2,6,0,0,5,1,1
001581,5,1,0,4,0,1,5,0,0,5,0,0
001923,5,1,0,4,1,1,5,1,0,5,1,0
003955,5,1,0,3,2,2,3,2,2,4,2,1
004342,5,1,0,3,2,2,3,1,2,4,2,1
004523,5,1,0,4,1,1,5,2,0,5,1,0
006921,5,1,0,3,2,2,4,4,1,4,2,1
006954,5,1,0,3,1,2,4,0,1,4,1,1
007110,5,1,0,3,2,2,4,1,1,4,2,1
009320,5,1,0,3,1,2,4,1,1,4,1,1
009787,5,1,0,1,2,4,1,1,4,2,2,3
001437,4,1,0,3,3,1,3,5,1,4,3,0
003075,4,1,0,2,0,2,3,2,1,3,0,1
003225,4,1,0,3,1,1,4,0,0,4,1,0
004599,4,1,0,3,1,1,2,0,2,4,1,0
005339,4,1,0,3,2,1,3,1,1,4,2,0
006746,4,1,0,2,0,2,3,0,1,3,0,1
007835,4,1,0,3,1,1,3,0,1,4,1,0
007858,4,1,0,2,2,2,2,0,2,3,2,1
008373,4,1,0,1,0,3,1,0,3,2,0,2
008694,4,1,0,3,0,1,4,0,0,4,0,0
009901,4,1,0,2,1,2,3,1,1,3,1,1
000105,3,1,0,2,0,1,2,0,1,3,0,0
000127,3,1,0,2,3,1,3,4,0,3,3,0
000271,3,1,0,2,2,1,3,1,0,3,2,0
000696,3,1,0,2,0,1,3,0,0,3,0,0
001095,3,1,0,2,1,1,3,1,0,3,1,0
001625,3,1,0,2,1,1,3,0,0,3,1,0
002474,3,1,0,1,0,2,2,0,1,2,0,1
003482,3,1,0,2,3,1,3,2,0,3,3,0
003815,3,1,0,2,0,1,2,0,1,3,0,0
004766,3,1,0,2,0,1,3,1,0,3,0,0
004944,3,1,0,1,1,2,2,0,1,2,1,1
005252,3,1,0,2,1,1,3,0,0,3,1,0
005561,3,1,0,1,2,2,3,1,0,2,2,1
005589,3,1,0,1,1,2,1,1,2,2,1,1
005882,3,1,0,2,3,1,3,3,0,3,3,0
005976,3,1,0,2,1,1,2,2,1,3,1,0
006047,3,1,0,2,0,1,3,1,0,3,0,0
006407,3,1,0,2,0,1,2,0,1,3,0,0
006792,3,1,0,2,2,1,3,3,0,3,2,0
006817,3,1,0,1,2,2,1,2,2,2,2,1
007382,3,1,0,2,1,1,2,2,1,3,1,0
008788,3,1,0,2,0,1,3,0,0,3,0,0
009046,3,1,0,2,0,1,2,1,1,3,0,0
009102,3,1,0,2,0,1,2,0,1,3,0,0
000287,2,1,0,1,1,1,2,1,0,2,1,0
000691,2,1,0,1,0,1,0,1,2,2,0,0
001623,2,1,0,1,0,1,2,0,0,2,0,0
001868,2,1,0,1,2,1,1,2,1,2,2,0
002536,2,1,0,1,1,1,2,0,0,2,1,0
002568,2,1,0,1,2,1,1,2,1,2,2,0
002617,2,1,0,1,0,1,1,0,1,2,0,0
002698,2,1,0,1,0,1,2,1,0,2,0,0
003332,2,1,0,1,1,1,2,0,0,2,1,0
003512,2,1,0,1,0,1,1,0,1,2,0,0
003799,2,1,0,0,0,2,1,0,1,1,0,1
004227,2,1,0,1,1,1,2,1,0,2,1,0
004475,2,1,0,1,1,1,2,1,0,2,1,0
004525,2,1,0,1,0,1,1,0,1,2,0,0
004738,2,1,0,0,0,2,2,2,0,1,0,1
005050,2,1,0,1,1,1,1,1,1,2,1,0
005225,2,1,0,1,0,1,2,0,0,2,0,0
005321,2,1,0,0,0,2,1,1,1,1,0,1
005333,2,1,0,1,0,1,2,0,0,2,0,0
005482,2,1,0,1,1,1,1,1,1,2,1,0
005997,2,1,0,1,0,1,2,1,0,2,0,0
006022,2,1,0,1,1,1,2,0,0,2,1,0
006253,2,1,0,1,1,1,2,0,0,2,1,0
006795,2,1,0,1,1,1,1,1,1,2,1,0
006812,2,1,0,1,0,1,2,0,0,2,0,0
006960,2,1,0,1,1,1,1,1,1,2,1,0
007034,2,1,0,1,0,1,1,1,1,2,0,0
007246,2,1,0,1,0,1,2,0,0,2,0,0
007597,2,1,0,0,0,2,2,0,0,1,0,1
008510,2,1,0,1,0,1,2,0,0,2,0,0
008641,2,1,0,1,1,1,2,1,0,2,1,0
008740,2,1,0,0,1,2,0,1,2,1,1,1
008807,2,1,0,1,0,1,2,1,0,2,0,0
008902,2,1,0,1,0,1,2,0,0,2,0,0
008996,2,1,0,0,2,2,1,1,1,1,2,1
009599,2,1,0,1,1,1,2,1,0,2,1,0
009786,2,1,0,1,1,1,2,1,0,2,1,0
000070,1,1,0,0,2,1,1,2,0,1,2,0
000357,1,1,0,0,1,1,1,0,0,1,1,0
000644,1,1,0,0,1,1,0,1,1,1,1,0
000773,1,1,0,0,1,1,0,0,1,1,1,0
001377,1,1,0,0,0,1,1,0,0,1,0,0
001487,1,1,0,0,0,1,1,1,0,1,0,0
001910,1,1,0,0,1,1,1,0,0,1,1,0
002073,1,1,0,0,1,1,1,0,0,1,1,0
002907,1,1,0,0,1,1,1,1,0,1,1,0
003018,1,1,0,0,2,1,0,2,1,1,2,0
003095,1,1,0,0,1,1,1,1,0,1,1,0
003533,1,1,0,0,1,1,1,1,0,1,1,0
004032,1,1,0,0,0,1,1,0,0,1,0,0
004226,1,1,0,0,2,1,0,1,1,1,2,0
004583,1,1,0,0,1,1,1,0,0,1,1,0
004778,1,1,0,0,0,1,0,0,1,1,0,0
004919,1,1,0,0,0,1,1,0,0,1,0,0
005452,1,1,0,0,1,1,1,1,0,1,1,0
005525,1,1,0,0,3,1,1,3,0,1,3,0
005580,1,1,0,0,1,1,1,1,0,1,1,0
005772,1,1,0,0,0,1,1,0,0,1,0,0
006420,1,1,0,0,0,1,0,0,1,1,0,0
006528,1,1,0,0,0,1,1,0,0,1,0,0
006837,1,1,0,0,0,1,0,0,1,1,0,0
006904,1,1,0,0,0,1,1,1,0,1,0,0
007066,1,1,0,0,1,1,1,0,0,1,1,0
007201,1,1,0,0,1,1,1,3,0,1,1,0
007304,1,1,0,0,0,1,0,0,1,1,0,0
007514,1,1,0,0,1,1,1,0,0,1,1,0
007788,1,1,0,0,1,1,1,0,0,1,1,0
007990,1,1,0,0,1,1,1,1,0,1,1,0
008123,1,1,0,0,0,1,0,2,1,1,0,0
008219,1,1,0,0,3,1,1,3,0,1,3,0
008656,1,1,0,0,1,1,1,1,0,1,1,0
008660,1,1,0,0,2,1,0,0,1,1,2,0
009061,1,1,0,0,0,1,1,0,0,1,0,0
009088,1,1,0,0,1,1,1,1,0,1,1,0
009261,1,1,0,0,1,1,1,2,0,1,1,0
009506,1,1,0,0,1,1,1,0,0,1,1,0
009791,1,1,0,0,1,1,1,0,0,1,1,0
009914,1,1,0,0,3,1,1,3,0,1,3,0
009929,1,1,0,0,0,1,0,0,1,1,0,0
008925,12,1,-1,9,2,3,10,0,2,10,3,2
001403,11,1,-1,10,1,1,11,0,0,11,2,0
008271,10,1,-1,5,1,5,6,0,4,6,2,4
007567,8,1,-1,6,3,2,6,2,2,7,4,1
002925,7,1,-1,6,0,1,7,0,0,7,1,0
003543,6,1,-1,4,1,2,5,0,1,5,2,1
005041,6,1,-1,4,1,2,4,3,2,5,2,1
002758,5,1,-1,2,0,3,2,0,3,3,1,2
004068,5,1,-1,4,2,1,5,2,0,5,3,0
005849,5,1,-1,2,3,3,3,0,2,3,4,2
000749,4,1,-1,3,1,1,4,0,0,4,2,0
000940,4,1,-1,3,2,1,4,2,0,4,3,0
001217,4,1,-1,3,2,1,4,2,0,4,3,0
001921,4,1,-1,1,5,3,1,4,3,2,6,2
002379,4,1,-1,3,1,1,4,3,0,4,2,0
003314,4,1,-1,3,1,1,4,0,0,4,2,0
004667,4,1,-1,3,0,1,4,0,0,4,1,0
004717,4,1,-1,2,0,2,4,1,0,3,1,1
004855,4,1,-1,3,3,1,4,3,0,4,4,0
006359,4,1,-1,3,0,1,2,1,2,4,1,0
009802,4,1,-1,3,3,1,4,3,0,4,4,0
001282,3,1,-1,2,0,1,3,1,0,3,1,0
001880,3,1,-1,0,2,3,0,2,3,1,3,2
002062,3,1,-1,1,0,2,1,0,2,2,1,1
002250,3,1,-1,2,4,1,2,2,1,3,5,0
002503,3,1,-1,2,2,1,3,3,0,3,3,0
002802,3,1,-1,2,1,1,3,1,0,3,2,0
004022,3,1,-1,2,1,1,3,1,0,3,2,0
005663,3,1,-1,2,0,1,3,3,0,3,1,0
006297,3,1,-1,2,0,1,3,0,0,3,1,0
007808,3,1,-1,2,1,1,2,1,1,3,2,0
007861,3,1,-1,2,0,1,2,0,1,3,1,0
008231,3,1,-1,1,2,2,2,2,1,2,3,1
008234,3,1,-1,2,1,1,2,0,1,3,2,0
008447,3,1,-1,2,3,1,2,5,1,3,4,0
008464,3,1,-1,2,3,1,3,2,0,3,4,0
009583,3,1,-1,2,1,1,3,1,0,3,2,0
001773,2,1,-1,1,0,1,2,1,0,2,1,0
004001,2,1,-1,1,4,1,2,5,0,2,5,0
004428,2,1,-1,1,0,1,1,0,1,2,1,0
005166,2,1,-1,1,0,1,2,1,0,2,1,0
006566,2,1,-1,1,0,1,2,0,0,2,1,0
007393,2,1,-1,1,4,1,2,2,0,2,5,0
007464,2,1,-1,1,1,1,1,2,1,2,2,0
008525,2,1,-1,1,0,1,2,0,0,2,1,0
001100,1,1,-1,0,0,1,1,0,0,1,1,0
001349,1,1,-1,0,0,1,0,2,1,1,1,0
001462,1,1,-1,0,1,1,1,0,0,1,2,0
002066,1,1,-1,0,1,1,0,1,1,1,2,0
003043,1,1,-1,0,0,1,0,1,1,1,1,0
003438,1,1,-1,0,1,1,1,2,0,1,2,0
004657,1,1,-1,0,1,1,1,2,0,1,2,0
008703,1,1,-1,0,2,1,1,0,0,1,3,0
009256,1,1,-1,0,1,1,1,0,0,1,2,0
006693,14,1,-2,10,4,4,11,5,3,11,6,3
003943,10,1,-2,9,5,1,9,7,1,10,7,0
001489,6,1,-2,3,2,3,2,3,4,4,4,2
002920,6,1,-2,4,1,2,6,3,0,5,3,1
005532,6,1,-2,4,2,2,5,1,1,5,4,1
006334,6,1,-2,4,0,2,6,1,0,5,2,1
005196,4,1,-2,3,2,1,3,2,1,4,4,0
002852,3,1,-2,2,2,1,3,2,0,3,4,0
002230,2,1,-2,1,0,1,2,1,0,2,2,0
004593,1,1,-2,0,0,1,1,1,0,1,2,0
009297,10,1,-3,7,2,3,9,2,1,8,5,2
004128,8,1,-3,4,3,4,5,5,3,5,6,3
004559,8,1,-3,3,3,5,2,2,6,4,6,4
000240,7,1,-3,6,1,1,6,2,1,7,4,0
005656,7,1,-3,5,2,2,6,1,1,6,5,1
009345,4,1,-3,3,0,1,3,1,1,4,3,0
009962,4,1,-3,3,0,1,4,0,0,4,3,0
000205,3,1,-3,2,1,1,2,2,1,3,4,0
003896,13,1,-4,8,2,5,9,3,4,9,6,4
001435,8,1,-4,6,7,2,7,11,1,7,11,1
004426,3,1,-4,1,1,2,2,0,1,2,5,1
000327,2,1,-4,1,3,1,1,0,1,2,7,0
006580,11,0,8,7,11,4,9,4,2,7,3,4
007569,3,0,7,0,9,3,0,2,3,0,2,3
003341,8,0,5,7,7,1,7,5,1,7,2,1
009915,4,0,5,3,6,1,3,3,1,3,1,1
003624,1,0,5,0,20,1,0,16,1,0,15,1
009798,8,0,4,8,7,0,8,8,0,8,3,0
005597,6,0,4,6,8,0,5,4,1,6,4,0
008520,6,0,4,6,4,0,6,0,0,6,0,0
003153,4,0,4,4,5,0,4,4,0,4,1,0
007120,3,0,4,3,7,0,3,3,0,3,3,0
007722,3,0,4,3,5,0,3,3,0,3,1,0
002711,2,0,4,2,5,0,2,2,0,2,1,0
000126,1,0,4,0,10,1,1,11,0,0,6,1
001609,1,0,4,1,6,0,1,4,0,1,2,0
002370,1,0,4,0,4,1,0,2,1,0,0,1
007548,1,0,4,1,5,0,1,0,0,1,1,0
009137,1,0,4,1,7,0,1,5,0,1,3,0
003595,11,0,3,11,7,0,11,0,0,11,4,0
006906,9,0,3,9,3,0,9,0,0,9,0,0
008928,8,0,3,8,3,0,8,0,0,8,0,0
004937,7,0,3,4,7,3,2,4,5,4,4,3
006152,7,0,3,5,4,2,5,2,2,5,1,2
003633,5,0,3,3,5,2,3,2,2,3,2,2
006040,5,0,3,5,3,0,5,1,0,5,0,0
006686,5,0,3,3,3,2,3,0,2,3,0,2
002674,4,0,3,4,16,0,4,11,0,4,13,0
007452,4,0,3,4,4,0,4,1,0,4,1,0
008070,4,0,3,3,4,1,4,1,0,3,1,1
002506,3,0,3,3,3,0,3,1,0,3,0,0
002701,3,0,3,3,10,0,3,5,0,3,7,0
003723,3,0,3,1,4,2,1,2,2,1,1,2
004053,3,0,3,3,5,0,3,5,0,3,2,0
006081,3,0,3,3,4,0,3,3,0,3,1,0
007531,3,0,3,3,5,0,3,3,0,3,2,0
006332,2,0,3,1,3,1,2,2,0,1,0,1
009444,2,0,3,2,7,0,2,5,0,2,4,0
001190,1,0,3,0,3,1,1,0,0,0,0,1
001359,1,0,3,1,3,0,1,0,0,1,0,0
004180,1,0,3,1,4,0,1,2,0,1,1,0
005628,1,0,3,1,4,0,1,3,0,1,1,0
007192,1,0,3,1,3,0,1,1,0,1,0,0
004243,11,0,2,8,7,3,9,4,2,8,5,3
008245,11,0,2,9,4,2,8,1,3,9,2,2
009171,10,0,2,10,3,0,10,1,0,10,1,0
000624,9,0,2,8,3,1,8,2,1,8,1,1
000144,7,0,2,7,2,0,7,1,0,7,0,0
002930,7,0,2,5,3,2,4,2,3,5,1,2
003542,7,0,2,6,2,1,7,1,0,6,0,1
004219,6,0,2,6,3,0,6,1,0,6,1,0
004590,6,0,2,6,4,0,6,1,0,6,2,0
005921,6,0,2,6,4,0,6,3,0,6,2,0
005982,6,0,2,4,4,2,4,3,2,4,2,2
006274,6,0,2,5,5,1,5,4,1,5,3,1
007532,6,0,2,5,3,1,6,3,0,5,1,1
008259,6,0,2,5,2,1,5,0,1,5,0,1
000084,5,0,2,5,3,0,5,4,0,5,1,0
002018,5,0,2,2,3,3,4,2,1,2,1,3
002551,5,0,2,5,4,0,5,3,0,5,2,0
003070,5,0,2,5,2,0,5,1,0,5,0,0
003289,5,0,2,4,2,1,5,1,0,4,0,1
003503,5,0,2,5,2,0,5,1,0,5,0,0
004864,5,0,2,5,5,0,5,4,0,5,3,0
005627,5,0,2,5,11,0,5,11,0,5,9,0
008829,5,0,2,4,5,1,4,3,1,4,3,1
001067,4,0,2,4,3,0,4,2,0,4,1,0
001808,4,0,2,4,6,0,4,3,0,4,4,0
002207,4,0,2,3,3,1,3,1,1,3,1,1
002911,4,0,2,2,3,2,2,1,2,2,1,2
003929,4,0,2,3,3,1,3,5,1,3,1,1
004236,4,0,2,4,8,0,4,8,0,4,6,0
004357,4,0,2,4,3,0,4,3,0,4,1,0
004668,4,0,2,4,2,0,4,0,0,4,0,0
006505,4,0,2,4,2,0,4,0,0,4,0,0
006938,4,0,2,3,3,1,4,1,0,3,1,1
007739,4,0,2,4,4,0,4,4,0,4,2,0
008405,4,0,2,4,2,0,4,1,0,4,0,0
009871,4,0,2,4,3,0,4,0,0,4,1,0
009885,4,0,2,4,5,0,4,2,0,4,3,0
000364,3,0,2,3,2,0,3,0,0,3,0,0
000366,3,0,2,3,2,0,2,0,1,3,0,0
000788,3,0,2,2,3,1,1,0,2,2,1,1
001108,3,0,2,3,2,0,3,0,0,3,0,0
001227,3,0,2,3,4,0,3,1,0,3,2,0
001798,3,0,2,3,2,0,3,1,0,3,0,0
001914,3,0,2,3,3,0,3,2,0,3,1,0
003012,3,0,2,2,2,1,2,0,1,2,0,1
003423,3,0,2,3,3,0,3,2,0,3,1,0
003676,3,0,2,3,3,0,3,1,0,3,1,0
003909,3,0,2,3,5,0,3,0,0,3,3,0
004862,3,0,2,1,3,2,2,0,1,1,1,2
005192,3,0,2,3,2,0,3,1,0,3,0,0
005295,3,0,2,3,2,0,3,0,0,3,0,0
005808,3,0,2,3,3,0,3,2,0,3,1,0
006577,3,0,2,2,3,1,2,1,1,2,1,1
006854,3,0,2,3,2,0,3,1,0,3,0,0
006857,3,0,2,3,2,0,3,0,0,3,0,0
007747,3,0,2,2,2,1,2,3,1,2,0,1
008077,3,0,2,3,4,0,3,3,0,3,2,0
009145,3,0,2,3,2,0,3,0,0,3,0,0
009170,3,0,2,3,2,0,3,2,0,3,0,0
009487,3,0,2,1,3,2,2,1,1,1,1,2
009715,3,0,2,3,5,0,3,3,0,3,3,0
000151,2,0,2,1,2,1,1,2,1,1,0,1
001452,2,0,2,2,2,0,2,1,0,2,0,0
001631,2,0,2,2,2,0,2,3,0,2,0,0
001955,2,0,2,0,3,2,0,1,2,0,1,2
002240,2,0,2,2,3,0,1,1,1,2,1,0
002426,2,0,2,2,4,0,2,3,0,2,2,0
002887,2,0,2,1,3,1,1,1,1,1,1,1
003222,2,0,2,1,3,1,1,0,1,1,1,1
003384,2,0,2,2,3,0,2,2,0,2,1,0
003728,2,0,2,2,3,0,2,1,0,2,1,0
004074,2,0,2,2,2,0,2,1,0,2,0,0
005117,2,0,2,2,2,0,2,0,0,2,0,0
005163,2,0,2,0,4,2,0,2,2,0,2,2
005324,2,0,2,2,3,0,2,2,0,2,1,0
005595,2,0,2,2,2,0,2,0,0,2,0,0
005633,2,0,2,2,8,0,1,2,1,2,6,0
006002,2,0,2,2,2,0,2,2,0,2,0,0
006630,2,0,2,2,4,0,2,2,0,2,2,0
006688,2,0,2,2,2,0,2,0,0,2,0,0
006851,2,0,2,0,2,2,0,0,2,0,0,2
007118,2,0,2,1,2,1,1,0,1,1,0,1
007290,2,0,2,2,2,0,2,3,0,2,0,0
007593,2,0,2,2,2,0,2,1,0,2,0,0
007613,2,0,2,1,2,1,1,0,1,1,0,1
008201,2,0,2,2,4,0,2,2,0,2,2,0
008309,2,0,2,2,3,0,2,0,0,2,1,0
008471,2,0,2,2,2,0,2,4,0,2,0,0
008735,2,0,2,2,2,0,2,1,0,2,0,0
008964,2,0,2,1,2,1,2,1,0,1,0,1
009486,2,0,2,1,4,1,2,5,0,1,2,1
009799,2,0,2,2,2,0,2,0,0,2,0,0
000015,1,0,2,1,2,0,1,0,0,1,0,0
000422,1,0,2,1,2,0,1,0,0,1,0,0
000745,1,0,2,1,2,0,1,2,0,1,0,0
001128,1,0,2,1,2,0,1,0,0,1,0,0
001208,1,0,2,0,3,1,1,6,0,0,1,1
001666,1,0,2,1,6,0,0,4,1,1,4,0
001701,1,0,2,1,2,0,1,0,0,1,0,0
002225,1,0,2,1,3,0,1,1,0,1,1,0
002601,1,0,2,1,3,0,1,3,0,1,1,0
002629,1,0,2,1,2,0,0,1,1,1,0,0
003073,1,0,2,1,2,0,1,0,0,1,0,0
003080,1,0,2,1,2,0,1,0,0,1,0,0
003474,1,0,2,1,2,0,1,1,0,1,0,0
003900,1,0,2,1,2,0,1,0,0,1,0,0
004160,1,0,2,1,3,0,1,3,0,1,1,0
004173,1,0,2,1,3,0,1,0,0,1,1,0
004211,1,0,2,1,2,0,1,1,0,1,0,0
004234,1,0,2,1,5,0,1,2,0,1,3,0
004348,1,0,2,1,4,0,1,2,0,1,2,0
004483,1,0,2,1,2,0,1,1,0,1,0,0
004506,1,0,2,1,2,0,1,0,0,1,0,0
004596,1,0,2,1,3,0,1,0,0,1,1,0
004700,1,0,2,1,2,0,0,0,1,1,0,0
004881,1,0,2,1,4,0,1,3,0,1,2,0
005213,1,0,2,1,2,0,0,2,1,1,0,0
005651,1,0,2,1,2,0,1,1,0,1,0,0
005726,1,0,2,1,4,0,1,2,0,1,2,0
005846,1,0,2,1,2,0,1,0,0,1,0,0
005946,1,0,2,1,2,0,1,1,0,1,0,0
005972,1,0,2,1,2,0,1,3,0,1,0,0
005994,1,0,2,1,5,0,1,5,0,1,3,0
006441,1,0,2,1,2,0,1,2,0,1,0,0
006554,1,0,2,1,2,0,0,0,1,1,0,0
006651,1,0,2,1,2,0,1,0,0,1,0,0
006756,1,0,2,0,3,1,0,1,1,0,1,1
007342,1,0,2,1,2,0,1,1,0,1,0,0
007660,1,0,2,1,6,0,0,5,1,1,4,0
007895,1,0,2,1,2,0,1,1,0,1,0,0
007948,1,0,2,1,2,0,1,0,0,1,0,0
008014,1,0,2,1,2,0,1,0,0,1,0,0
008119,1,0,2,1,2,0,1,1,0,1,0,0
008448,1,0,2,1,2,0,1,0,0,1,0,0
008627,1,0,2,1,4,0,1,6,0,1,2,0
009026,1,0,2,1,2,0,1,1,0,1,0,0
009070,1,0,2,1,2,0,1,2,0,1,0,0
009248,1,0,2,1,2,0,1,0,0,1,0,0
009635,1,0,2,1,2,0,1,0,0,1,0,0
006380,17,0,1,13,3,4,14,1,3,13,2,4
001070,14,0,1,13,3,1,14,5,0,13,2,1
009514,13,0,1,12,5,1,13,3,0,12,4,1
008207,12,0,1,12,2,0,12,1,0,12,1,0
002185,11,0,1,6,3,5,6,4,5,6,2,5
003388,11,0,1,11,6,0,9,1,2,11,5,0
003631,11,0,1,6,3,5,7,2,4,6,2,5
004006,11,0,1,9,1,2,6,0,5,9,0,2
004819,11,0,1,11,1,0,11,1,0,11,0,0
002685,10,0,1,9,1,1,9,1,1,9,0,1
005205,10,0,1,10,2,0,10,0,0,10,1,0
007207,10,0,1,10,11,0,9,10,1,10,10,0
008579,9,0,1,8,1,1,9,1,0,8,0,1
000719,8,0,1,8,3,0,8,3,0,8,2,0
000839,8,0,1,7,3,1,7,2,1,7,2,1
001141,8,0,1,7,1,1,7,2,1,7,0,1
002832,8,0,1,8,2,0,8,2,0,8,1,0
002974,8,0,1,7,5,1,6,3,2,7,4,1
003459,8,0,1,7,3,1,8,2,0,7,2,1
005276,8,0,1,6,1,2,6,1,2,6,0,2
007969,8,0,1,7,3,1,7,2,1,7,2,1
008689,8,0,1,8,1,0,8,0,0,8,0,0
009033,8,0,1,7,2,1,7,2,1,7,1,1
002897,7,0,1,7,3,0,7,3,0,7,2,0
003148,7,0,1,6,2,1,7,1,0,6,1,1
003281,7,0,1,3,2,4,3,4,4,3,1,4
003858,7,0,1,6,3,1,6,3,1,6,2,1
003914,7,0,1,7,1,0,7,1,0,7,0,0
005596,7,0,1,6,2,1,7,5,0,6,1,1
006173,7,0,1,6,1,1,6,1,1,6,0,1
006964,7,0,1,7,2,0,7,1,0,7,1,0
008046,7,0,1,5,2,2,5,0,2,5,1,2
008480,7,0,1,7,3,0,7,4,0,7,2,0
001889,6,0,1,6,1,0,6,0,0,6,0,0
002040,6,0,1,6,3,0,6,0,0,6,2,0
002394,6,0,1,2,2,4,3,0,3,2,1,4
002743,6,0,1,3,3,3,3,3,3,3,2,3
003041,6,0,1,6,1,0,6,1,0,6,0,0
003399,6,0,1,6,2,0,6,2,0,6,1,0
003502,6,0,1,5,3,1,5,3,1,5,2,1
003598,6,0,1,4,2,2,4,0,2,4,1,2
003617,6,0,1,5,3,1,4,5,2,5,2,1
004118,6,0,1,6,3,0,6,3,0,6,2,0
004276,6,0,1,4,3,2,5,0,1,4,2,2
004417,6,0,1,6,1,0,6,0,0,6,0,0
004927,6,0,1,6,7,0,6,5,0,6,6,0
005049,6,0,1,5,2,1,5,1,1,5,1,1
005316,6,0,1,4,2,2,4,1,2,4,1,2
005546,6,0,1,6,3,0,6,2,0,6,2,0
005708,6,0,1,6,1,0,6,0,0,6,0,0
005809,6,0,1,6,2,0,6,0,0,6,1,0
006594,6,0,1,5,1,1,5,1,1,5,0,1
006863,6,0,1,5,2,1,6,0,0,5,1,1
009084,6,0,1,3,4,3,3,4,3,3,3,3
009633,6,0,1,6,3,0,6,2,0,6,2,0
000493,5,0,1,5,1,0,5,1,0,5,0,0
000571,5,0,1,1,1,4,2,1,3,1,0,4
000762,5,0,1,3,7,2,3,5,2,3,6,2
001572,5,0,1,2,2,3,2,2,3,2,1,3
002137,5,0,1,5,2,0,5,1,0,5,1,0
002719,5,0,1,1,1,4,0,2,5,1,0,4
003025,5,0,1,5,1,0,5,0,0,5,0,0
003720,5,0,1,4,1,1,4,0,1,4,0,1
004712,5,0,1,2,2,3,2,1,3,2,1,3
004721,5,0,1,4,2,1,4,1,1,4,1,1
004740,5,0,1,5,2,0,5,2,0,5,1,0
004769,5,0,1,3,2,2,3,1,2,3,1,2
004904,5,0,1,5,1,0,5,0,0,5,0,0
005261,5,0,1,5,1,0,5,1,0,5,0,0
005347,5,0,1,3,2,2,3,0,2,3,1,2
005362,5,0,1,4,2,1,4,1,1,4,1,1
005670,5,0,1,2,1,3,2,1,3,2,0,3
005804,5,0,1,5,4,0,5,2,0,5,3,0
006093,5,0,1,3,4,2,4,2,1,3,3,2
006266,5,0,1,5,1,0,5,1,0,5,0,0
006920,5,0,1,3,3,2,5,3,0,3,2,2
007577,5,0,1,5,3,0,5,1,0,5,2,0
008389,5,0,1,2,2,3,3,0,2,2,1,3
009023,5,0,1,4,3,1,4,2,1,4,2,1
009164,5,0,1,5,1,0,5,1,0,5,0,0
009219,5,0,1,4,2,1,5,2,0,4,1,1
009314,5,0,1,5,2,0,5,0,0,5,1,0
000369,4,0,1,4,2,0,4,1,0,4,1,0
000725,4,0,1,4,1,0,4,1,0,4,0,0
000789,4,0,1,4,4,0,4,4,0,4,3,0
000858,4,0,1,4,4,0,4,3,0,4,3,0
000910,4,0,1,3,2,1,4,3,0,3,1,1
001534,4,0,1,2,4,2,2,3,2,2,3,2
001731,4,0,1,3,1,1,3,0,1,3,0,1
001764,4,0,1,4,3,0,4,2,0,4,2,0
002026,4,0,1,3,3,1,4,2,0,3,2,1
002631,4,0,1,3,2,1,3,0,1,3,1,1
002862,4,0,1,3,4,1,3,2,1,3,3,1
003357,4,0,1,4,1,0,3,2,1,4,0,0
003665,4,0,1,4,1,0,4,2,0,4,0,0
004132,4,0,1,4,3,0,4,0,0,4,2,0
004288,4,0,1,4,1,0,4,2,0,4,0,0
004317,4,0,1,3,1,1,2,1,2,3,0,1
004378,4,0,1,4,3,0,4,2,0,4,2,0
004731,4,0,1,4,2,0,4,0,0,4,1,0
004949,4,0,1,3,3,1,2,3,2,3,2,1
005025,4,0,1,3,8,1,4,4,0,3,7,1
005377,4,0,1,4,1,0,3,1,1,4,0,0
005468,4,0,1,3,1,1,4,1,0,3,0,1
005823,4,0,1,4,1,0,4,1,0,4,0,0
006113,4,0,1,4,4,0,4,2,0,4,3,0
006327,4,0,1,4,5,0,4,3,0,4,4,0
006393,4,0,1,2,2,2,3,1,1,2,1,2
006490,4,0,1,3,1,1,3,1,1,3,0,1
006957,4,0,1,4,2,0,4,0,0,4,1,0
006992,4,0,1,3,1,1,3,1,1,3,0,1
007134,4,0,1,4,1,0,4,0,0,4,0,0
007554,4,0,1,3,3,1,3,3,1,3,2,1
007625,4,0,1,4,1,0,4,3,0,4,0,0
007942,4,0,1,2,3,2,4,0,0,2,2,2
008090,4,0,1,4,2,0,4,2,0,4,1,0
008496,4,0,1,2,2,2,4,1,0,2,1,2
008569,4,0,1,4,4,0,4,1,0,4,3,0
008599,4,0,1,2,1,2,2,2,2,2,0,2
009122,4,0,1,4,4,0,4,2,0,4,3,0
009361,4,0,1,3,1,1,4,0,0,3,0,1
009415,4,0,1,2,1,2,3,1,1,2,0,2
009452,4,0,1,4,7,0,4,2,0,4,6,0
009690,4,0,1,3,1,1,4,0,0,3,0,1
009708,4,0,1,4,1,0,4,0,0,4,0,0
009806,4,0,1,4,5,0,4,4,0,4,4,0
009815,4,0,1,4,4,0,4,3,0,4,3,0
009840,4,0,1,4,1,0,3,1,1,4,0,0
000103,3,0,1,3,1,0,3,2,0,3,0,0
000116,3,0,1,3,2,0,3,1,0,3,1,0
000254,3,0,1,3,1,0,3,0,0,3,0,0
000386,3,0,1,3,1,0,3,0,0,3,0,0
000414,3,0,1,2,1,1,2,0,1,2,0,1
000621,3,0,1,3,4,0,3,2,0,3,3,0
000924,3,0,1,3,3,0,3,3,0,3,2,0
001040,3,0,1,3,2,0,3,1,0,3,1,0
001086,3,0,1,3,1,0,3,1,0,3,0,0
001157,3,0,1,3,1,0,3,0,0,3,0,0
001220,3,0,1,3,2,0,3,1,0,3,1,0
001424,3,0,1,3,3,0,3,2,0,3,2,0
001506,3,0,1,3,1,0,3,0,0,3,0,0
001533,3,0,1,3,2,0,3,2,0,3,1,0
001644,3,0,1,3,1,0,3,1,0,3,0,0
001728,3,0,1,3,2,0,3,1,0,3,1,0
001802,3,0,1,3,1,0,3,0,0,3,0,0
001812,3,0,1,2,1,1,2,1,1,2,0,1
001884,3,0,1,1,1,2,1,1,2,1,0,2
001984,3,0,1,3,1,0,3,1,0,3,0,0
002161,3,0,1,3,1,0,3,0,0,3,0,0
002298,3,0,1,1,2,2,0,0,3,1,1,2
002543,3,0,1,3,2,0,3,1,0,3,1,0
002602,3,0,1,3,1,0,3,0,0,3,0,0
002624,3,0,1,3,3,0,3,2,0,3,2,0
002630,3,0,1,2,1,1,2,0,1,2,0,1
002787,3,0,1,2,1,1,3,0,0,2,0,1
002813,3,0,1,2,1,1,2,1,1,2,0,1
002860,3,0,1,3,1,0,3,0,0,3,0,0
003152,3,0,1,2,1,1,2,1,1,2,0,1
003481,3,0,1,3,4,0,3,3,0,3,3,0
003581,3,0,1,3,1,0,3,0,0,3,0,0
003972,3,0,1,3,2,0,2,2,1,3,1,0
004029,3,0,1,3,2,0,2,1,1,3,1,0
004183,3,0,1,2,1,1,2,0,1,2,0,1
004448,3,0,1,3,2,0,3,1,0,3,1,0
004534,3,0,1,3,1,0,3,0,0,3,0,0
004573,3,0,1,3,1,0,3,0,0,3,0,0
004804,3,0,1,1,2,2,1,1,2,1,1,2
005012,3,0,1,2,2,1,2,1,1,2,1,1
005091,3,0,1,3,1,0,3,0,0,3,0,0
005118,3,0,1,2,1,1,2,0,1,2,0,1
005120,3,0,1,3,2,0,3,1,0,3,1,0
005548,3,0,1,2,1,1,2,1,1,2,0,1
005567,3,0,1,1,2,2,1,0,2,1,1,2
005646,3,0,1,3,2,0,3,0,0,3,1,0
006017,3,0,1,3,1,0,3,0,0,3,0,0
006115,3,0,1,3,3,0,3,1,0,3,2,0
006361,3,0,1,3,2,0,3,1,0,3,1,0
006496,3,0,1,1,2,2,0,0,3,1,1,2
007136,3,0,1,3,1,0,3,1,0,3,0,0
007164,3,0,1,1,1,2,1,1,2,1,0,2
007319,3,0,1,2,2,1,2,0,1,2,1,1
007341,3,0,1,2,1,1,2,0,1,2,0,1
007355,3,0,1,2,4,1,2,2,1,2,3,1
007507,3,0,1,3,2,0,3,1,0,3,1,0
007714,3,0,1,3,2,0,3,2,0,3,1,0
007770,3,0,1,3,1,0,3,3,0,3,0,0
007927,3,0,1,3,1,0,3,1,0,3,0,0
007967,3,0,1,3,1,0,3,0,0,3,0,0
007982,3,0,1,0,2,3,0,1,3,0,1,3
008120,3,0,1,2,3,1,2,4,1,2,2,1
008157,3,0,1,3,2,0,3,1,0,3,1,0
008298,3,0,1,3,2,0,3,1,0,3,1,0
008488,3,0,1,3,1,0,3,1,0,3,0,0
008505,3,0,1,3,2,0,3,0,0,3,1,0
008625,3,0,1,3,1,0,3,0,0,3,0,0
008721,3,0,1,3,1,0,3,0,0,3,0,0
008774,3,0,1,3,1,0,3,0,0,3,0,0
008857,3,0,1,3,1,0,3,0,0,3,0,0
008887,3,0,1,2,1,1,3,0,0,2,0,1
008897,3,0,1,2,1,1,2,0,1,2,0,1
008915,3,0,1,3,1,0,3,0,0,3,0,0
008916,3,0,1,3,1,0,3,0,0,3,0,0
008918,3,0,1,3,3,0,3,3,0,3,2,0
008991,3,0,1,3,3,0,3,1,0,3,2,0
009012,3,0,1,3,2,0,3,0,0,3,1,0
009017,3,0,1,3,1,0,3,0,0,3,0,0
009310,3,0,1,1,2,2,2,1,1,1,1,2
009379,3,0,1,2,2,1,3,2,0,2,1,1
009561,3,0,1,3,2,0,3,0,0,3,1,0
009570,3,0,1,0,2,3,3,0,0,0,1,3
009581,3,0,1,3,1,0,3,1,0,3,0,0
009626,3,0,1,3,3,0,3,2,0,3,2,0
009680,3,0,1,2,1,1,2,0,1,2,0,1
009827,3,0,1,3,1,0,3,0,0,3,0,0
000423,2,0,1,2,2,0,2,2,0,2,1,0
000533,2,0,1,1,2,1,2,0,0,1,1,1
000594,2,0,1,2,1,0,2,0,0,2,0,0
000615,2,0,1,2,5,0,2,2,0,2,4,0
000629,2,0,1,1,1,1,1,1,1,1,0,1
000631,2,0,1,2,2,0,2,2,0,2,1,0
000659,2,0,1,1,1,1,1,1,1,1,0,1
000683,2,0,1,2,2,0,2,0,0,2,1,0
000840,2,0,1,2,1,0,2,1,0,2,0,0
000856,2,0,1,1,4,1,1,3,1,1,3,1
000897,2,0,1,2,1,0,2,0,0,2,0,0
000907,2,0,1,2,3,0,2,2,0,2,2,0
000970,2,0,1,1,1,1,1,0,1,1,0,1
001180,2,0,1,1,1,1,1,0,1,1,0,1
001329,2,0,1,1,2,1,1,1,1,1,1,1
001372,2,0,1,1,1,1,1,1,1,1,0,1
001399,2,0,1,0,4,2,0,4,2,0,3,2
001428,2,0,1,2,1,0,2,0,0,2,0,0
001448,2,0,1,2,2,0,2,2,0,2,1,0
001794,2,0,1,2,1,0,2,1,0,2,0,0
001851,2,0,1,2,1,0,2,0,0,2,0,0
002060,2,0,1,2,1,0,2,0,0,2,0,0
002092,2,0,1,2,1,0,2,0,0,2,0,0
002160,2,0,1,2,1,0,2,0,0,2,0,0
002227,2,0,1,2,1,0,2,0,0,2,0,0
002353,2,0,1,2,7,0,2,2,0,2,6,0
002399,2,0,1,2,1,0,2,1,0,2,0,0
002451,2,0,1,1,2,1,1,3,1,1,1,1
002498,2,0,1,2,1,0,2,3,0,2,0,0
002652,2,0,1,2,1,0,2,0,0,2,0,0
002660,2,0,1,2,2,0,2,1,0,2,1,0
002703,2,0,1,2,3,0,2,2,0,2,2,0
002823,2,0,1,2,1,0,2,0,0,2,0,0
002882,2,0,1,2,1,0,2,0,0,2,0,0
002972,2,0,1,2,2,0,2,1,0,2,1,0
003026,2,0,1,2,1,0,2,1,0,2,0,0
003182,2,0,1,2,1,0,2,2,0,2,0,0
003198,2,0,1,2,1,0,2,1,0,2,0,0
003224,2,0,1,2,3,0,2,1,0,2,2,0
003295,2,0,1,2,1,0,2,1,0,2,0,0
003305,2,0,1,1,1,1,1,2,1,1,0,1
003352,2,0,1,2,2,0,2,2,0,2,1,0
003562,2,0,1,2,1,0,2,1,0,2,0,0
003579,2,0,1,2,1,0,2,0,0,2,0,0
003739,2,0,1,2,1,0,2,0,0,2,0,0
003831,2,0,1,2,1,0,2,0,0,2,0,0
003910,2,0,1,2,2,0,2,1,0,2,1,0
003978,2,0,1,2,1,0,2,0,0,2,0,0
003995,2,0,1,2,1,0,2,1,0,2,0,0
004059,2,0,1,1,4,1,0,5,2,1,3,1
004103,2,0,1,2,4,0,2,4,0,2,3,0
004187,2,0,1,2,1,0,2,1,0,2,0,0
004214,2,0,1,2,1,0,2,0,0,2,0,0
004309,2,0,1,2,4,0,2,2,0,2,3,0
004419,2,0,1,1,1,1,1,0,1,1,0,1
004420,2,0,1,2,1,0,2,0,0,2,0,0
004561,2,0,1,2,1,0,2,0,0,2,0,0
004642,2,0,1,1,2,1,1,2,1,1,1,1
004711,2,0,1,1,1,1,2,0,0,1,0,1
004822,2,0,1,2,1,0,2,0,0,2,0,0
004918,2,0,1,1,2,1,1,1,1,1,1,1
005087,2,0,1,2,6,0,2,2,0,2,5,0
005313,2,0,1,2,3,0,2,1,0,2,2,0
005464,2,0,1,1,2,1,1,2,1,1,1,1
005466,2,0,1,2,1,0,2,1,0,2,0,0
005479,2,0,1,2,1,0,2,1,0,2,0,0
005491,2,0,1,2,4,0,2,3,0,2,3,0
005558,2,0,1,2,4,0,2,3,0,2,3,0
005578,2,0,1,1,2,1,2,0,0,1,1,1
005581,2,0,1,2,1,0,2,0,0,2,0,0
005638,2,0,1,2,1,0,2,0,0,2,0,0
005758,2,0,1,2,2,0,2,1,0,2,1,0
005822,2,0,1,2,2,0,2,1,0,2,1,0
005827,2,0,1,1,1,1,2,1,0,1,0,1
005973,2,0,1,2,1,0,2,1,0,2,0,0
006024,2,0,1,2,1,0,2,0,0,2,0,0
006076,2,0,1,1,1,1,1,0,1,1,0,1
006205,2,0,1,2,2,0,2,2,0,2,1,0
006303,2,0,1,0,3,2,0,2,2,0,2,2
006324,2,0,1,2,1,0,2,1,0,2,0,0
006413,2,0,1,2,2,0,2,1,0,2,1,0
006604,2,0,1,2,3,0,2,3,0,2,2,0
006705,2,0,1,1,2,1,1,1,1,1,1,1
006767,2,0,1,1,1,1,1,1,1,1,0,1
006776,2,0,1,0,2,2,0,1,2,0,1,2
006898,2,0,1,2,4,0,2,2,0,2,3,0
006902,2,0,1,2,1,0,2,0,0,2,0,0
007005,2,0,1,2,1,0,2,0,0,2,0,0
007082,2,0,1,1,3,1,2,4,0,1,2,1
007124,2,0,1,2,1,0,2,1,0,2,0,0
007173,2,0,1,2,1,0,2,0,0,2,0,0
007176,2,0,1,2,1,0,2,2,0,2,0,0
007181,2,0,1,2,3,0,2,2,0,2,2,0
007198,2,0,1,1,9,1,2,6,0,1,8,1
007242,2,0,1,2,2,0,2,1,0,2,1,0
007320,2,0,1,2,1,0,2,0,0,2,0,0
007364,2,0,1,2,2,0,2,1,0,2,1,0
007397,2,0,1,2,3,0,2,2,0,2,2,0
007501,2,0,1,2,2,0,2,0,0,2,1,0
007508,2,0,1,2,2,0,2,1,0,2,1,0
007522,2,0,1,2,1,0,2,0,0,2,0,0
007564,2,0,1,2,1,0,2,0,0,2,0,0
007620,2,0,1,2,2,0,2,2,0,2,1,0
007676,2,0,1,1,2,1,1,3,1,1,1,1
007684,2,0,1,0,1,2,0,1,2,0,0,2
007710,2,0,1,2,1,0,2,1,0,2,0,0
007728,2,0,1,2,1,0,2,0,0,2,0,0
007797,2,0,1,2,1,0,2,0,0,2,0,0
007888,2,0,1,2,1,0,2,0,0,2,0,0
007975,2,0,1,2,1,0,2,0,0,2,0,0
008027,2,0,1,2,1,0,2,0,0,2,0,0
008045,2,0,1,0,2,2,0,1,2,0,1,2
008099,2,0,1,2,3,0,2,1,0,2,2,0
008155,2,0,1,2,1,0,2,0,0,2,0,0
008196,2,0,1,1,6,1,1,3,1,1,5,1
008264,2,0,1,1,1,1,2,2,0,1,0,1
008265,2,0,1,1,2,1,1,2,1,1,1,1
008350,2,0,1,2,1,0,2,0,0,2,0,0
008476,2,0,1,2,2,0,2,0,0,2,1,0
008578,2,0,1,2,1,0,2,0,0,2,0,0
008623,2,0,1,2,2,0,2,1,0,2,1,0
008643,2,0,1,2,1,0,2,0,0,2,0,0
008646,2,0,1,2,1,0,2,0,0,2,0,0
008666,2,0,1,1,1,1,1,0,1,1,0,1
008726,2,0,1,1,2,1,1,1,1,1,1,1
008762,2,0,1,2,3,0,2,3,0,2,2,0
008778,2,0,1,2,2,0,2,1,0,2,1,0
008792,2,0,1,2,1,0,2,0,0,2,0,0
008875,2,0,1,2,1,0,2,0,0,2,0,0
008986,2,0,1,1,1,1,1,0,1,1,0,1
009008,2,0,1,2,1,0,2,0,0,2,0,0
009111,2,0,1,1,2,1,1,2,1,1,1,1
009182,2,0,1,2,2,0,2,2,0,2,1,0
009304,2,0,1,2,2,0,2,1,0,2,1,0
009396,2,0,1,2,1,0,2,0,0,2,0,0
009431,2,0,1,2,1,0,2,1,0,2,0,0
009475,2,0,1,2,1,0,2,0,0,2,0,0
009569,2,0,1,1,3,1,1,3,1,1,2,1
009607,2,0,1,2,1,0,2,0,0,2,0,0
009622,2,0,1,2,1,0,2,1,0,2,0,0
009628,2,0,1,2,2,0,2,0,0,2,1,0
009643,2,0,1,2,2,0,2,2,0,2,1,0
009677,2,0,1,2,1,0,2,0,0,2,0,0
009689,2,0,1,2,1,0,2,1,0,2,0,0
009730,2,0,1,1,1,1,2,1,0,1,0,1
000160,1,0,1,1,1,0,1,2,0,1,0,0
000213,1,0,1,1,1,0,1,1,0,1,0,0
000253,1,0,1,1,1,0,1,1,0,1,0,0
000290,1,0,1,1,1,0,1,0,0,1,0,0
000345,1,0,1,1,1,0,1,1,0,1,0,0
000353,1,0,1,1,2,0,1,1,0,1,1,0
000360,1,0,1,1,2,0,1,0,0,1,1,0
000375,1,0,1,1,2,0,1,0,0,1,1,0
000389,1,0,1,1,1,0,1,1,0,1,0,0
000409,1,0,1,1,1,0,1,1,0,1,0,0
000473,1,0,1,1,2,0,1,0,0,1,1,0
000596,1,0,1,1,5,0,1,1,0,1,4,0
000678,1,0,1,1,1,0,1,1,0,1,0,0
000781,1,0,1,1,1,0,1,0,0,1,0,0
000873,1,0,1,1,1,0,1,0,0,1,0,0
000933,1,0,1,0,1,1,0,0,1,0,0,1
000974,1,0,1,1,3,0,1,2,0,1,2,0
001000,1,0,1,1,1,0,1,1,0,1,0,0
001020,1,0,1,1,1,0,1,1,0,1,0,0
001219,1,0,1,0,4,1,0,2,1,0,3,1
001243,1,0,1,1,2,0,1,2,0,1,1,0
001253,1,0,1,1,3,0,1,1,0,1,2,0
001303,1,0,1,1,1,0,1,1,0,1,0,0
001344,1,0,1,1,1,0,1,0,0,1,0,0
001433,1,0,1,1,1,0,1,0,0,1,0,0
001500,1,0,1,1,2,0,1,0,0,1,1,0
001566,1,0,1,1,1,0,1,1,0,1,0,0
001665,1,0,1,1,1,0,1,2,0,1,0,0
001702,1,0,1,1,1,0,1,0,0,1,0,0
001815,1,0,1,1,1,0,1,0,0,1,0,0
001822,1,0,1,1,1,0,1,1,0,1,0,0
001895,1,0,1,1,3,0,1,1,0,1,2,0
001967,1,0,1,1,1,0,1,0,0,1,0,0
002009,1,0,1,1,1,0,1,1,0,1,0,0
002010,1,0,1,1,1,0,1,0,0,1,0,0
002065,1,0,1,1,2,0,1,0,0,1,1,0
002128,1,0,1,1,1,0,1,0,0,1,0,0
002130,1,0,1,1,1,0,1,0,0,1,0,0
002264,1,0,1,1,1,0,1,1,0,1,0,0
002271,1,0,1,1,1,0,1,0,0,1,0,0
002349,1,0,1,1,1,0,1,1,0,1,0,0
002351,1,0,1,1,1,0,1,0,0,1,0,0
002356,1,0,1,1,1,0,1,0,0,1,0,0
002357,1,0,1,0,2,1,0,1,1,0,1,1
002358,1,0,1,1,1,0,1,0,0,1,0,0
002381,1,0,1,1,1,0,1,1,0,1,0,0
002416,1,0,1,1,1,0,1,0,0,1,0,0
002464,1,0,1,1,2,0,1,1,0,1,1,0
002482,1,0,1,1,2,0,1,0,0,1,1,0
002552,1,0,1,1,2,0,1,3,0,1,1,0
002560,1,0,1,1,1,0,1,2,0,1,0,0
002592,1,0,1,1,1,0,1,0,0,1,0,0
002607,1,0,1,1,1,0,1,0,0,1,0,0
002610,1,0,1,0,3,1,1,1,0,0,2,1
002644,1,0,1,1,2,0,1,1,0,1,1,0
002679,1,0,1,1,1,0,1,0,0,1,0,0
002764,1,0,1,1,1,0,1,1,0,1,0,0
002890,1,0,1,1,2,0,1,2,0,1,1,0
002892,1,0,1,0,1,1,0,0,1,0,0,1
002983,1,0,1,1,1,0,1,0,0,1,0,0
003040,1,0,1,1,2,0,1,2,0,1,1,0
003079,1,0,1,1,1,0,1,0,0,1,0,0
003104,1,0,1,1,1,0,1,0,0,1,0,0
003130,1,0,1,1,1,0,1,0,0,1,0,0
003158,1,0,1,1,1,0,1,0,0,1,0,0
003268,1,0,1,1,1,0,1,1,0,1,0,0
003283,1,0,1,1,2,0,1,0,0,1,1,0
003291,1,0,1,1,1,0,1,0,0,1,0,0
003319,1,0,1,1,2,0,1,1,0,1,1,0
003447,1,0,1,1,1,0,1,1,0,1,0,0
003463,1,0,1,0,1,1,0,2,1,0,0,1
003479,1,0,1,1,1,0,1,1,0,1,0,0
003653,1,0,1,0,2,1,1,1,0,0,1,1
003738,1,0,1,1,1,0,1,0,0,1,0,0
003747,1,0,1,1,4,0,1,3,0,1,3,0
003756,1,0,1,0,1,1,0,2,1,0,0,1
003812,1,0,1,1,1,0,1,1,0,1,0,0
003841,1,0,1,0,2,1,0,1,1,0,1,1
003892,1,0,1,1,1,0,1,1,0,1,0,0
003902,1,0,1,1,4,0,1,4,0,1,3,0
003904,1,0,1,1,2,0,1,0,0,1,1,0
003930,1,0,1,1,1,0,1,0,0,1,0,0
003958,1,0,1,0,1,1,0,0,1,0,0,1
004002,1,0,1,1,2,0,1,1,0,1,1,0
004045,1,0,1,1,3,0,1,2,0,1,2,0
004172,1,0,1,1,2,0,1,0,0,1,1,0
004181,1,0,1,0,2,1,0,1,1,0,1,1
004277,1,0,1,1,1,0,1,1,0,1,0,0
004278,1,0,1,1,1,0,1,0,0,1,0,0
004316,1,0,1,1,2,0,1,0,0,1,1,0
004382,1,0,1,1,1,0,1,1,0,1,0,0
004383,1,0,1,0,1,1,1,1,0,0,0,1
004399,1,0,1,1,2,0,1,1,0,1,1,0
004406,1,0,1,1,1,0,1,0,0,1,0,0
004440,1,0,1,1,2,0,1,2,0,1,1,0
004489,1,0,1,1,1,0,1,0,0,1,0,0
004531,1,0,1,0,2,1,0,1,1,0,1,1
004575,1,0,1,1,3,0,0,2,1,1,2,0
004639,1,0,1,1,2,0,1,1,0,1,1,0
004646,1,0,1,1,1,0,0,1,1,1,0,0
004684,1,0,1,1,1,0,1,1,0,1,0,0
004690,1,0,1,1,2,0,1,0,0,1,1,0
004709,1,0,1,1,2,0,1,1,0,1,1,0
004729,1,0,1,1,1,0,1,0,0,1,0,0
004772,1,0,1,1,1,0,1,1,0,1,0,0
004775,1,0,1,1,1,0,1,1,0,1,0,0
004784,1,0,1,1,1,0,1,0,0,1,0,0
004802,1,0,1,1,1,0,1,2,0,1,0,0
004843,1,0,1,1,2,0,1,1,0,1,1,0
004924,1,0,1,1,1,0,1,1,0,1,0,0
004989,1,0,1,1,1,0,1,1,0,1,0,0
005034,1,0,1,1,1,0,1,1,0,1,0,0
005046,1,0,1,1,1,0,1,0,0,1,0,0
005059,1,0,1,1,1,0,1,1,0,1,0,0
005096,1,0,1,1,1,0,1,1,0,1,0,0
005113,1,0,1,1,1,0,1,0,0,1,0,0
005137,1,0,1,0,4,1,0,3,1,0,3,1
005165,1,0,1,1,1,0,1,1,0,1,0,0
005243,1,0,1,1,1,0,1,1,0,1,0,0
005280,1,0,1,1,1,0,1,0,0,1,0,0
005294,1,0,1,0,2,1,0,1,1,0,1,1
005427,1,0,1,1,1,0,1,1,0,1,0,0
005437,1,0,1,1,1,0,1,1,0,1,0,0
005472,1,0,1,1,1,0,1,0,0,1,0,0
005474,1,0,1,1,1,0,1,1,0,1,0,0
005492,1,0,1,1,1,0,1,0,0,1,0,0
005571,1,0,1,1,1,0,1,1,0,1,0,0
005587,1,0,1,1,2,0,1,0,0,1,1,0
005623,1,0,1,1,3,0,1,2,0,1,2,0
005632,1,0,1,1,1,0,1,0,0,1,0,0
005683,1,0,1,1,1,0,1,0,0,1,0,0
005727,1,0,1,1,2,0,1,2,0,1,1,0
005793,1,0,1,1,1,0,1,0,0,1,0,0
005871,1,0,1,1,1,0,1,0,0,1,0,0
005880,1,0,1,0,1,1,1,0,0,0,0,1
005933,1,0,1,1,1,0,1,1,0,1,0,0
005969,1,0,1,1,1,0,1,0,0,1,0,0
005993,1,0,1,1,2,0,1,0,0,1,1,0
006014,1,0,1,1,1,0,1,2,0,1,0,0
006015,1,0,1,1,2,0,1,1,0,1,1,0
006019,1,0,1,1,1,0,1,0,0,1,0,0
006052,1,0,1,1,1,0,1,0,0,1,0,0
006068,1,0,1,1,2,0,1,2,0,1,1,0
006075,1,0,1,1,1,0,1,0,0,1,0,0
006231,1,0,1,1,1,0,0,1,1,1,0,0
006268,1,0,1,1,1,0,1,0,0,1,0,0
006278,1,0,1,1,2,0,1,1,0,1,1,0
006545,1,0,1,1,1,0,1,1,0,1,0,0
006563,1,0,1,1,1,0,1,0,0,1,0,0
006600,1,0,1,1,2,0,1,0,0,1,1,0
006700,1,0,1,1,1,0,1,0,0,1,0,0
006791,1,0,1,1,1,0,1,0,0,1,0,0
006856,1,0,1,1,2,0,1,0,0,1,1,0
006870,1,0,1,1,1,0,1,0,0,1,0,0
006905,1,0,1,1,1,0,1,1,0,1,0,0
006974,1,0,1,1,1,0,1,1,0,1,0,0
006985,1,0,1,1,1,0,1,0,0,1,0,0
007047,1,0,1,1,1,0,1,0,0,1,0,0
007055,1,0,1,1,2,0,1,1,0,1,1,0
007063,1,0,1,1,1,0,1,0,0,1,0,0
007083,1,0,1,1,1,0,1,1,0,1,0,0
007096,1,0,1,1,1,0,1,0,0,1,0,0
007254,1,0,1,1,1,0,1,1,0,1,0,0
007265,1,0,1,1,1,0,1,1,0,1,0,0
007278,1,0,1,1,1,0,1,0,0,1,0,0
007377,1,0,1,1,1,0,1,0,0,1,0,0
007407,1,0,1,0,1,1,1,0,0,0,0,1
007434,1,0,1,1,1,0,1,0,0,1,0,0
007472,1,0,1,1,3,0,1,1,0,1,2,0
007488,1,0,1,1,1,0,1,0,0,1,0,0
007552,1,0,1,0,3,1,0,1,1,0,2,1
007630,1,0,1,1,1,0,1,0,0,1,0,0
007652,1,0,1,1,1,0,1,0,0,1,0,0
007716,1,0,1,1,2,0,1,0,0,1,1,0
007717,1,0,1,0,2,1,0,1,1,0,1,1
007771,1,0,1,1,1,0,1,0,0,1,0,0
007851,1,0,1,1,1,0,1,0,0,1,0,0
007934,1,0,1,1,1,0,1,0,0,1,0,0
007955,1,0,1,1,1,0,1,1,0,1,0,0
007988,1,0,1,1,1,0,1,0,0,1,0,0
008011,1,0,1,1,1,0,1,1,0,1,0,0
008020,1,0,1,1,2,0,1,1,0,1,1,0
008176,1,0,1,1,1,0,1,0,0,1,0,0
008184,1,0,1,1,2,0,1,1,0,1,1,0
008185,1,0,1,1,2,0,1,0,0,1,1,0
008206,1,0,1,1,1,0,1,0,0,1,0,0
008273,1,0,1,1,1,0,1,1,0,1,0,0
008274,1,0,1,1,1,0,1,0,0,1,0,0
008291,1,0,1,1,2,0,1,0,0,1,1,0
008356,1,0,1,1,1,0,1,0,0,1,0,0
008358,1,0,1,1,1,0,1,0,0,1,0,0
008371,1,0,1,1,1,0,1,0,0,1,0,0
008412,1,0,1,1,2,0,0,1,1,1,1,0
008419,1,0,1,1,1,0,1,0,0,1,0,0
008489,1,0,1,1,1,0,1,0,0,1,0,0
008630,1,0,1,1,1,0,1,1,0,1,0,0
008675,1,0,1,1,1,0,1,0,0,1,0,0
008719,1,0,1,1,2,0,1,2,0,1,1,0
008763,1,0,1,1,1,0,1,1,0,1,0,0
008781,1,0,1,1,1,0,1,0,0,1,0,0
008853,1,0,1,1,1,0,1,2,0,1,0,0
008855,1,0,1,1,1,0,1,0,0,1,0,0
009001,1,0,1,1,1,0,1,1,0,1,0,0
009009,1,0,1,1,1,0,1,0,0,1,0,0
009011,1,0,1,1,2,0,1,0,0,1,1,0
009025,1,0,1,1,1,0,1,1,0,1,0,0
009030,1,0,1,1,2,0,1,1,0,1,1,0
009057,1,0,1,1,1,0,1,0,0,1,0,0
009062,1,0,1,1,2,0,1,0,0,1,1,0
009090,1,0,1,1,3,0,1,0,0,1,2,0
009146,1,0,1,1,1,0,1,0,0,1,0,0
009176,1,0,1,1,1,0,1,0,0,1,0,0
009275,1,0,1,1,1,0,1,0,0,1,0,0
009385,1,0,1,1,2,0,1,1,0,1,1,0
009400,1,0,1,1,1,0,1,0,0,1,0,0
009402,1,0,1,1,1,0,1,2,0,1,0,0
009489,1,0,1,1,1,0,1,0,0,1,0,0
009578,1,0,1,1,1,0,1,0,0,1,0,0
009592,1,0,1,1,2,0,1,2,0,1,1,0
009639,1,0,1,1,1,0,1,0,0,1,0,0
009697,1,0,1,1,2,0,1,1,0,1,1,0
009727,1,0,1,0,2,1,0,1,1,0,1,1
009788,1,0,1,1,3,0,1,2,0,1,2,0
009864,1,0,1,1,1,0,1,1,0,1,0,0
009888,1,0,1,1,1,0,1,0,0,1,0,0
009891,1,0,1,1,1,0,1,1,0,1,0,0
009963,1,0,1,0,1,1,1,1,0,0,0,1
002168,13,0,0,11,3,2,12,2,1,11,3,2
001916,12,0,0,11,1,1,11,1,1,11,1,1
008593,11,0,0,8,7,3,8,6,3,8,7,3
001228,10,0,0,7,4,3,8,6,2,7,4,3
001893,10,0,0,8,0,2,8,0,2,8,0,2
005233,10,0,0,7,4,3,8,3,2,7,4,3
000467,9,0,0,8,0,1,8,1,1,8,0,1
000846,9,0,0,9,1,0,9,0,0,9,1,0
006663,9,0,0,8,1,1,8,2,1,8,1,1
006941,9,0,0,9,2,0,9,2,0,9,2,0
007862,9,0,0,7,0,2,9,0,0,7,0,2
008055,9,0,0,9,2,0,9,0,0,9,2,0
008104,9,0,0,7,0,2,7,0,2,7,0,2
009077,9,0,0,6,1,3,5,3,4,6,1,3
009941,9,0,0,6,0,3,6,1,3,6,0,3
000527,8,0,0,8,7,0,8,6,0,8,7,0
001496,8,0,0,8,0,0,8,0,0,8,0,0
001516,8,0,0,7,1,1,5,4,3,7,1,1
001720,8,0,0,7,1,1,8,0,0,7,1,1
003084,8,0,0,8,1,0,7,2,1,8,1,0
005798,8,0,0,8,0,0,8,0,0,8,0,0
005898,8,0,0,7,5,1,7,3,1,7,5,1
006032,8,0,0,8,0,0,8,0,0,8,0,0
006155,8,0,0,7,3,1,7,1,1,7,3,1
006178,8,0,0,8,0,0,8,0,0,8,0,0
006217,8,0,0,6,2,2,5,3,3,6,2,2
006771,8,0,0,8,1,0,7,1,1,8,1,0
007112,8,0,0,8,2,0,8,1,0,8,2,0
008864,8,0,0,6,1,2,6,1,2,6,1,2
000004,7,0,0,7,0,0,7,0,0,7,0,0
000313,7,0,0,7,0,0,7,0,0,7,0,0
001410,7,0,0,5,3,2,5,3,2,5,3,2
001575,7,0,0,7,1,0,7,1,0,7,1,0
001745,7,0,0,6,1,1,7,0,0,6,1,1
001760,7,0,0,7,1,0,7,0,0,7,1,0
002071,7,0,0,7,1,0,7,1,0,7,1,0
002239,7,0,0,7,0,0,7,0,0,7,0,0
002486,7,0,0,7,0,0,7,0,0,7,0,0
003052,7,0,0,7,1,0,7,0,0,7,1,0
003434,7,0,0,6,0,1,6,1,1,6,0,1
004054,7,0,0,7,1,0,7,0,0,7,1,0
004268,7,0,0,1,1,6,1,2,6,1,1,6
004485,7,0,0,7,0,0,7,0,0,7,0,0
005184,7,0,0,5,1,2,5,2,2,5,1,2
005226,7,0,0,7,2,0,7,0,0,7,2,0
005865,7,0,0,7,1,0,5,3,2,7,1,0
005931,7,0,0,7,0,0,7,0,0,7,0,0
006432,7,0,0,7,2,0,7,2,0,7,2,0
008754,7,0,0,3,4,4,3,2,4,3,4,4
008863,7,0,0,7,2,0,7,2,0,7,2,0
000191,6,0,0,6,1,0,6,0,0,6,1,0
000217,6,0,0,3,0,3,3,1,3,3,0,3
000293,6,0,0,5,1,1,5,1,1,5,1,1
000341,6,0,0,6,1,0,6,1,0,6,1,0
000984,6,0,0,5,1,1,5,2,1,5,1,1
001138,6,0,0,6,2,0,6,1,0,6,2,0
001244,6,0,0,5,2,1,6,5,0,5,2,1
001366,6,0,0,6,1,0,6,1,0,6,1,0
001538,6,0,0,6,1,0,6,1,0,6,1,0
001606,6,0,0,6,0,0,6,0,0,6,0,0
001668,6,0,0,6,0,0,6,0,0,6,0,0
001757,6,0,0,6,1,0,6,0,0,6,1,0
001990,6,0,0,5,2,1,5,4,1,5,2,1
002087,6,0,0,6,2,0,6,2,0,6,2,0
002242,6,0,0,5,1,1,5,2,1,5,1,1
002317,6,0,0,6,0,0,6,0,0,6,0,0
002325,6,0,0,5,0,1,5,1,1,5,0,1
002446,6,0,0,6,0,0,6,0,0,6,0,0
002516,6,0,0,4,3,2,4,4,2,4,3,2
002818,6,0,0,5,3,1,5,5,1,5,3,1
002951,6,0,0,4,0,2,4,0,2,4,0,2
003234,6,0,0,5,3,1,6,1,0,5,3,1
003245,6,0,0,5,0,1,6,0,0,5,0,1
003414,6,0,0,5,1,1,5,2,1,5,1,1
003534,6,0,0,6,0,0,6,0,0,6,0,0
003701,6,0,0,4,0,2,5,0,1,4,0,2
003795,6,0,0,5,0,1,6,0,0,5,0,1
003851,6,0,0,6,1,0,6,0,0,6,1,0
003967,6,0,0,6,2,0,6,3,0,6,2,0
004355,6,0,0,6,1,0,6,2,0,6,1,0
005092,6,0,0,5,2,1,6,1,0,5,2,1
005147,6,0,0,6,1,0,6,1,0,6,1,0
005170,6,0,0,5,0,1,5,1,1,5,0,1
005308,6,0,0,6,0,0,6,0,0,6,0,0
005447,6,0,0,6,1,0,6,2,0,6,1,0
005477,6,0,0,4,3,2,3,2,3,4,3,2
005835,6,0,0,5,1,1,5,0,1,5,1,1
005900,6,0,0,6,1,0,6,0,0,6,1,0
006010,6,0,0,5,5,1,6,3,0,5,5,1
006248,6,0,0,5,2,1,5,1,1,5,2,1
007368,6,0,0,5,2,1,6,1,0,5,2,1
007428,6,0,0,5,1,1,5,0,1,5,1,1
007894,6,0,0,6,0,0,6,0,0,6,0,0
007904,6,0,0,6,4,0,6,3,0,6,4,0
008758,6,0,0,6,0,0,6,0,0,6,0,0
008895,6,0,0,4,2,2,5,2,1,4,2,2
008954,6,0,0,4,1,2,4,0,2,4,1,2
009101,6,0,0,5,2,1,5,0,1,5,2,1
009156,6,0,0,5,3,1,6,4,0,5,3,1
009165,6,0,0,3,1,3,2,1,4,3,1,3
009231,6,0,0,5,2,1,5,0,1,5,2,1
000059,5,0,0,5,1,0,5,2,0,5,1,0
000155,5,0,0,2,0,3,1,1,4,2,0,3
000339,5,0,0,4,1,1,5,2,0,4,1,1
000706,5,0,0,5,0,0,5,0,0,5,0,0
001105,5,0,0,4,2,1,4,2,1,4,2,1
001120,5,0,0,5,0,0,5,0,0,5,0,0
001482,5,0,0,5,0,0,5,0,0,5,0,0
002177,5,0,0,5,0,0,5,0,0,5,0,0
002189,5,0,0,4,1,1,5,1,0,4,1,1
002338,5,0,0,5,3,0,4,1,1,5,3,0
002402,5,0,0,5,0,0,5,1,0,5,0,0
002449,5,0,0,1,2,4,2,2,3,1,2,4
002484,5,0,0,5,0,0,5,0,0,5,0,0
002716,5,0,0,3,0,2,1,0,4,3,0,2
002726,5,0,0,5,3,0,5,0,0,5,3,0
002830,5,0,0,5,1,0,5,1,0,5,1,0
002904,5,0,0,5,1,0,5,1,0,5,1,0
003067,5,0,0,5,0,0,5,0,0,5,0,0
003527,5,0,0,4,0,1,4,0,1,4,0,1
004445,5,0,0,5,1,0,5,0,0,5,1,0
004545,5,0,0,5,0,0,5,0,0,5,0,0
004560,5,0,0,5,0,0,5,1,0,5,0,0
004771,5,0,0,5,2,0,5,1,0,5,2,0
004978,5,0,0,4,3,1,4,1,1,4,3,1
005105,5,0,0,5,0,0,4,0,1,5,0,0
005759,5,0,0,5,2,0,5,1,0,5,2,0
005778,5,0,0,4,1,1,4,1,1,4,1,1
005842,5,0,0,4,1,1,5,1,0,4,1,1
005937,5,0,0,3,2,2,3,2,2,3,2,2
006169,5,0,0,5,2,0,5,2,0,5,2,0
006313,5,0,0,4,4,1,5,1,0,4,4,1
006471,5,0,0,0,1,5,1,5,4,0,1,5
006574,5,0,0,4,1,1,4,1,1,4,1,1
006646,5,0,0,4,1,1,3,0,2,4,1,1
006710,5,0,0,5,1,0,5,1,0,5,1,0
007228,5,0,0,5,0,0,5,1,0,5,0,0
007306,5,0,0,5,0,0,5,0,0,5,0,0
007598,5,0,0,4,1,1,4,3,1,4,1,1
007641,5,0,0,5,0,0,5,0,0,5,0,0
007818,5,0,0,5,2,0,5,1,0,5,2,0
007929,5,0,0,3,3,2,3,4,2,3,3,2
008161,5,0,0,4,0,1,5,1,0,4,0,1
008407,5,0,0,5,2,0,5,4,0,5,2,0
008591,5,0,0,4,1,1,4,1,1,4,1,1
008922,5,0,0,3,3,2,4,3,1,3,3,2
008998,5,0,0,5,2,0,5,1,0,5,2,0
009127,5,0,0,5,3,0,4,1,1,5,3,0
009606,5,0,0,4,2,1,4,3,1,4,2,1
009779,5,0,0,5,0,0,5,0,0,5,0,0
009928,5,0,0,2,1,3,2,1,3,2,1,3
000006,4,0,0,3,1,1,3,3,1,3,1,1
000058,4,0,0,4,2,0,4,0,0,4,2,0
000124,4,0,0,4,2,0,4,3,0,4,2,0
000152,4,0,0,4,0,0,4,0,0,4,0,0
000176,4,0,0,4,0,0,4,0,0,4,0,0
000188,4,0,0,4,1,0,4,1,0,4,1,0
000283,4,0,0,4,0,0,4,0,0,4,0,0
000291,4,0,0,2,0,2,2,0,2,2,0,2
000346,4,0,0,2,2,2,2,0,2,2,2,2
000348,4,0,0,3,1,1,4,0,0,3,1,1
000449,4,0,0,4,1,0,4,0,0,4,1,0
000490,4,0,0,4,2,0,4,2,0,4,2,0
000595,4,0,0,4,2,0,4,3,0,4,2,0
000646,4,0,0,4,0,0,4,0,0,4,0,0
000809,4,0,0,3,0,1,4,0,0,3,0,1
001021,4,0,0,3,2,1,3,2,1,3,2,1
001035,4,0,0,3,0,1,3,0,1,3,0,1
001165,4,0,0,3,0,1,4,0,0,3,0,1
001222,4,0,0,3,0,1,4,1,0,3,0,1
001271,4,0,0,4,3,0,4,3,0,4,3,0
001358,4,0,0,4,1,0,4,1,0,4,1,0
001370,4,0,0,4,0,0,4,0,0,4,0,0
001407,4,0,0,3,3,1,4,4,0,3,3,1
001459,4,0,0,2,1,2,2,1,2,2,1,2
001477,4,0,0,4,0,0,4,0,0,4,0,0
001569,4,0,0,3,2,1,3,2,1,3,2,1
001619,4,0,0,3,0,1,3,0,1,3,0,1
001620,4,0,0,4,0,0,4,0,0,4,0,0
001652,4,0,0,3,3,1,3,2,1,3,3,1
001696,4,0,0,3,2,1,4,2,0,3,2,1
001776,4,0,0,4,2,0,4,0,0,4,2,0
001850,4,0,0,4,0,0,4,2,0,4,0,0
001856,4,0,0,1,0,3,1,1,3,1,0,3
002033,4,0,0,4,0,0,4,0,0,4,0,0
002223,4,0,0,4,2,0,4,2,0,4,2,0
002245,4,0,0,4,0,0,4,0,0,4,0,0
002314,4,0,0,4,0,0,4,0,0,4,0,0
002363,4,0,0,4,0,0,4,0,0,4,0,0
002383,4,0,0,4,0,0,4,0,0,4,0,0
002463,4,0,0,4,1,0,3,2,1,4,1,0
002596,4,0,0,3,1,1,3,1,1,3,1,1
002739,4,0,0,4,0,0,4,0,0,4,0,0
002878,4,0,0,3,1,1,3,2,1,3,1,1
002885,4,0,0,3,1,1,3,0,1,3,1,1
002945,4,0,0,4,2,0,4,2,0,4,2,0
003101,4,0,0,4,0,0,4,0,0,4,0,0
003172,4,0,0,3,1,1,4,0,0,3,1,1
003321,4,0,0,2,1,2,4,1,0,2,1,2
003345,4,0,0,3,5,1,4,5,0,3,5,1
003366,4,0,0,4,0,0,3,0,1,4,0,0
003378,4,0,0,4,2,0,4,2,0,4,2,0
003475,4,0,0,4,1,0,4,0,0,4,1,0
003483,4,0,0,4,0,0,4,0,0,4,0,0
003578,4,0,0,4,2,0,4,2,0,4,2,0
003652,4,0,0,1,4,3,1,1,3,1,4,3
003725,4,0,0,4,3,0,4,2,0,4,3,0
003734,4,0,0,4,0,0,4,0,0,4,0,0
003761,4,0,0,3,1,1,4,1,0,3,1,1
003778,4,0,0,3,1,1,2,0,2,3,1,1
003810,4,0,0,3,1,1,3,1,1,3,1,1
003829,4,0,0,3,0,1,3,0,1,3,0,1
003867,4,0,0,4,0,0,4,1,0,4,0,0
003881,4,0,0,3,1,1,3,1,1,3,1,1
004109,4,0,0,4,2,0,4,2,0,4,2,0
004340,4,0,0,1,0,3,2,0,2,1,0,3
004366,4,0,0,4,2,0,4,2,0,4,2,0
004377,4,0,0,1,0,3,4,1,0,1,0,3
004478,4,0,0,3,0,1,4,0,0,3,0,1
004516,4,0,0,3,2,1,3,2,1,3,2,1
004580,4,0,0,3,3,1,3,4,1,3,3,1
004637,4,0,0,4,0,0,4,0,0,4,0,0
004745,4,0,0,4,1,0,4,0,0,4,1,0
004844,4,0,0,4,0,0,4,0,0,4,0,0
004980,4,0,0,4,3,0,4,3,0,4,3,0
005031,4,0,0,4,0,0,4,0,0,4,0,0
005082,4,0,0,4,0,0,4,0,0,4,0,0
005151,4,0,0,4,0,0,4,0,0,4,0,0
005284,4,0,0,1,2,3,2,1,2,1,2,3
005342,4,0,0,4,0,0,4,0,0,4,0,0
005392,4,0,0,3,0,1,3,1,1,3,0,1
005506,4,0,0,4,0,0,4,0,0,4,0,0
005540,4,0,0,2,0,2,2,0,2,2,0,2
005725,4,0,0,3,0,1,3,0,1,3,0,1
005746,4,0,0,4,0,0,4,0,0,4,0,0
005777,4,0,0,4,0,0,4,0,0,4,0,0
005925,4,0,0,4,1,0,4,1,0,4,1,0
006049,4,0,0,0,1,4,1,1,3,0,1,4
006213,4,0,0,4,0,0,4,0,0,4,0,0
006242,4,0,0,4,0,0,4,0,0,4,0,0
006292,4,0,0,4,0,0,4,0,0,4,0,0
006340,4,0,0,1,0,3,1,0,3,1,0,3
006378,4,0,0,3,0,1,3,0,1,3,0,1
006386,4,0,0,4,3,0,4,1,0,4,3,0
006390,4,0,0,2,0,2,2,0,2,2,0,2
006477,4,0,0,4,0,0,4,0,0,4,0,0
006544,4,0,0,4,1,0,4,1,0,4,1,0
006659,4,0,0,4,0,0,4,0,0,4,0,0
006713,4,0,0,3,1,1,4,1,0,3,1,1
006804,4,0,0,3,1,1,3,2,1,3,1,1
006879,4,0,0,4,1,0,4,1,0,4,1,0
007028,4,0,0,3,2,1,3,4,1,3,2,1
007126,4,0,0,4,0,0,4,1,0,4,0,0
007202,4,0,0,3,3,1,3,3,1,3,3,1
007225,4,0,0,3,0,1,3,1,1,3,0,1
007324,4,0,0,4,1,0,4,1,0,4,1,0
007339,4,0,0,3,0,1,4,0,0,3,0,1
007423,4,0,0,4,0,0,4,0,0,4,0,0
007602,4,0,0,4,0,0,3,0,1,4,0,0
007658,4,0,0,4,0,0,4,0,0,4,0,0
007701,4,0,0,4,1,0,4,1,0,4,1,0
007972,4,0,0,4,0,0,4,0,0,4,0,0
008034,4,0,0,4,0,0,4,0,0,4,0,0
008038,4,0,0,4,0,0,4,0,0,4,0,0
008058,4,0,0,4,0,0,4,1,0,4,0,0
008074,4,0,0,4,0,0,4,0,0,4,0,0
008113,4,0,0,4,0,0,4,1,0,4,0,0
008246,4,0,0,4,1,0,4,2,0,4,1,0
008357,4,0,0,2,1,2,3,1,1,2,1,2
008583,4,0,0,4,1,0,4,1,0,4,1,0
008598,4,0,0,3,1,1,3,1,1,3,1,1
008626,4,0,0,1,2,3,1,2,3,1,2,3
008745,4,0,0,2,3,2,1,3,3,2,3,2
008780,4,0,0,2,2,2,3,1,1,2,2,2
008839,4,0,0,3,1,1,3,2,1,3,1,1
008850,4,0,0,3,0,1,4,1,0,3,0,1
008912,4,0,0,4,1,0,4,0,0,4,1,0
008937,4,0,0,3,0,1,3,1,1,3,0,1
009014,4,0,0,4,0,0,4,0,0,4,0,0
009092,4,0,0,4,0,0,4,0,0,4,0,0
009451,4,0,0,4,4,0,4,4,0,4,4,0
009530,4,0,0,4,1,0,4,1,0,4,1,0
009534,4,0,0,4,1,0,4,1,0,4,1,0
009559,4,0,0,4,0,0,4,0,0,4,0,0
009574,4,0,0,4,0,0,4,0,0,4,0,0
009590,4,0,0,4,1,0,4,2,0,4,1,0
009674,4,0,0,3,0,1,3,0,1,3,0,1
009723,4,0,0,4,1,0,4,2,0,4,1,0
009768,4,0,0,4,2,0,4,3,0,4,2,0
009777,4,0,0,4,0,0,3,0,1,4,0,0
009818,4,0,0,4,0,0,4,0,0,4,0,0
009906,4,0,0,1,0,3,2,1,2,1,0,3
000038,3,0,0,3,0,0,2,1,1,3,0,0
000097,3,0,0,3,1,0,3,2,0,3,1,0
000108,3,0,0,3,0,0,3,0,0,3,0,0
000139,3,0,0,3,0,0,3,0,0,3,0,0
000181,3,0,0,2,3,1,2,4,1,2,3,1
000185,3,0,0,3,0,0,3,0,0,3,0,0
000239,3,0,0,3,1,0,3,1,0,3,1,0
000247,3,0,0,3,0,0,3,0,0,3,0,0
000252,3,0,0,2,0,1,3,0,0,2,0,1
000279,3,0,0,3,1,0,3,0,0,3,1,0
000297,3,0,0,2,0,1,2,0,1,2,0,1
000299,3,0,0,1,2,2,1,2,2,1,2,2
000315,3,0,0,3,0,0,3,0,0,3,0,0
000319,3,0,0,3,1,0,3,1,0,3,1,0
000410,3,0,0,3,1,0,3,1,0,3,1,0
000458,3,0,0,3,1,0,3,2,0,3,1,0
000505,3,0,0,2,0,1,2,0,1,2,0,1
000551,3,0,0,0,1,3,1,1,2,0,1,3
000575,3,0,0,3,0,0,3,0,0,3,0,0
000634,3,0,0,3,0,0,3,0,0,3,0,0
000698,3,0,0,3,1,0,3,1,0,3,1,0
000735,3,0,0,3,0,0,3,0,0,3,0,0
000737,3,0,0,0,3,3,1,2,2,0,3,3
000886,3,0,0,2,1,1,2,0,1,2,1,1
000890,3,0,0,1,2,2,2,1,1,1,2,2
000916,3,0,0,3,1,0,3,0,0,3,1,0
000952,3,0,0,2,0,1,2,0,1,2,0,1
000961,3,0,0,3,2,0,3,3,0,3,2,0
000979,3,0,0,3,0,0,3,1,0,3,0,0
000992,3,0,0,3,1,0,3,0,0,3,1,0
000994,3,0,0,2,1,1,2,2,1,2,1,1
001150,3,0,0,2,3,1,3,4,0,2,3,1
001177,3,0,0,3,1,0,3,1,0,3,1,0
001183,3,0,0,3,0,0,3,0,0,3,0,0
001331,3,0,0,3,0,0,2,0,1,3,0,0
001351,3,0,0,3,1,0,3,1,0,3,1,0
001353,3,0,0,3,0,0,3,0,0,3,0,0
001392,3,0,0,2,0,1,1,1,2,2,0,1
001411,3,0,0,3,1,0,2,3,1,3,1,0
001419,3,0,0,2,0,1,2,0,1,2,0,1
001429,3,0,0,3,0,0,3,0,0,3,0,0
001449,3,0,0,3,0,0,3,0,0,3,0,0
001456,3,0,0,3,1,0,3,0,0,3,1,0
001469,3,0,0,3,0,0,3,0,0,3,0,0
001491,3,0,0,3,0,0,3,0,0,3,0,0
001511,3,0,0,2,1,1,3,2,0,2,1,1
001527,3,0,0,3,0,0,3,0,0,3,0,0
001585,3,0,0,2,0,1,3,0,0,2,0,1
001629,3,0,0,2,1,1,2,1,1,2,1,1
001712,3,0,0,2,2,1,2,3,1,2,2,1
001805,3,0,0,3,1,0,3,0,0,3,1,0
001867,3,0,0,1,1,2,2,0,1,1,1,2
001883,3,0,0,3,1,0,2,1,1,3,1,0
001891,3,0,0,3,0,0,3,0,0,3,0,0
001917,3,0,0,3,0,0,3,0,0,3,0,0
001992,3,0,0,2,0,1,2,1,1,2,0,1
002110,3,0,0,3,0,0,2,0,1,3,0,0
002532,3,0,0,3,0,0,3,0,0,3,0,0
002548,3,0,0,3,0,0,3,0,0,3,0,0
002562,3,0,0,3,0,0,3,0,0,3,0,0
002628,3,0,0,3,1,0,3,0,0,3,1,0
002692,3,0,0,2,0,1,2,1,1,2,0,1
002724,3,0,0,3,5,0,3,6,0,3,5,0
002728,3,0,0,3,0,0,3,0,0,3,0,0
002729,3,0,0,3,0,0,3,0,0,3,0,0
002750,3,0,0,3,2,0,3,2,0,3,2,0
002793,3,0,0,3,0,0,3,2,0,3,0,0
002808,3,0,0,3,1,0,3,1,0,3,1,0
002819,3,0,0,3,0,0,3,1,0,3,0,0
002850,3,0,0,3,0,0,3,0,0,3,0,0
002888,3,0,0,3,1,0,3,1,0,3,1,0
002927,3,0,0,2,0,1,2,0,1,2,0,1
002981,3,0,0,3,0,0,3,0,0,3,0,0
003062,3,0,0,1,2,2,2,0,1,1,2,2
003113,3,0,0,2,2,1,2,1,1,2,2,1
003167,3,0,0,3,1,0,3,1,0,3,1,0
003201,3,0,0,3,0,0,3,0,0,3,0,0
003278,3,0,0,3,2,0,3,0,0,3,2,0
003297,3,0,0,3,2,0,3,2,0,3,2,0
003315,3,0,0,3,0,0,2,0,1,3,0,0
003383,3,0,0,3,0,0,3,0,0,3,0,0
003431,3,0,0,3,1,0,2,1,1,3,1,0
003442,3,0,0,3,1,0,3,0,0,3,1,0
003494,3,0,0,3,0,0,3,0,0,3,0,0
003501,3,0,0,3,2,0,3,1,0,3,2,0
003572,3,0,0,3,0,0,3,0,0,3,0,0
003583,3,0,0,3,1,0,3,1,0,3,1,0
003602,3,0,0,3,0,0,3,0,0,3,0,0
003693,3,0,0,3,0,0,3,0,0,3,0,0
003825,3,0,0,2,2,1,2,1,1,2,2,1
003839,3,0,0,2,3,1,2,0,1,2,3,1
003944,3,0,0,3,0,0,3,1,0,3,0,0
004030,3,0,0,3,0,0,3,0,0,3,0,0
004040,3,0,0,1,0,2,2,0,1,1,0,2
004072,3,0,0,3,0,0,3,0,0,3,0,0
004090,3,0,0,3,0,0,3,0,0,3,0,0
004144,3,0,0,2,0,1,2,0,1,2,0,1
004162,3,0,0,0,1,3,0,0,3,0,1,3
004213,3,0,0,3,0,0,3,0,0,3,0,0
004238,3,0,0,3,0,0,3,0,0,3,0,0
004245,3,0,0,3,1,0,3,0,0,3,1,0
004363,3,0,0,2,3,1,2,1,1,2,3,1
004482,3,0,0,3,0,0,3,0,0,3,0,0
004536,3,0,0,2,1,1,2,0,1,2,1,1
004617,3,0,0,3,0,0,3,0,0,3,0,0
004764,3,0,0,2,0,1,2,1,1,2,0,1
004800,3,0,0,3,0,0,3,0,0,3,0,0
004813,3,0,0,3,0,0,3,1,0,3,0,0
004922,3,0,0,2,2,1,2,1,1,2,2,1
004947,3,0,0,3,2,0,3,1,0,3,2,0
004971,3,0,0,2,1,1,2,1,1,2,1,1
005053,3,0,0,2,0,1,2,0,1,2,0,1
005140,3,0,0,3,0,0,3,0,0,3,0,0
005141,3,0,0,3,0,0,3,1,0,3,0,0
005164,3,0,0,3,0,0,3,0,0,3,0,0
005299,3,0,0,2,2,1,3,2,0,2,2,1
005456,3,0,0,3,0,0,3,1,0,3,0,0
005498,3,0,0,3,0,0,3,1,0,3,0,0
005661,3,0,0,3,0,0,3,1,0,3,0,0
005666,3,0,0,3,3,0,3,2,0,3,3,0
005763,3,0,0,2,1,1,2,1,1,2,1,1
005797,3,0,0,3,2,0,3,2,0,3,2,0
005902,3,0,0,3,0,0,3,0,0,3,0,0
005916,3,0,0,3,0,0,3,0,0,3,0,0
005926,3,0,0,2,0,1,2,2,1,2,0,1
005943,3,0,0,3,0,0,3,1,0,3,0,0
005945,3,0,0,3,0,0,3,0,0,3,0,0
006016,3,0,0,3,1,0,3,1,0,3,1,0
006082,3,0,0,3,0,0,3,0,0,3,0,0
006085,3,0,0,3,2,0,3,1,0,3,2,0
006101,3,0,0,3,0,0,3,0,0,3,0,0
006121,3,0,0,3,0,0,3,0,0,3,0,0
006122,3,0,0,3,0,0,3,0,0,3,0,0
006167,3,0,0,3,0,0,3,0,0,3,0,0
006200,3,0,0,2,3,1,2,1,1,2,3,1
006239,3,0,0,1,2,2,1,3,2,1,2,2
006288,3,0,0,2,3,1,2,3,1,2,3,1
006316,3,0,0,3,0,0,3,0,0,3,0,0
006317,3,0,0,3,0,0,3,1,0,3,0,0
006360,3,0,0,3,2,0,3,2,0,3,2,0
006364,3,0,0,2,0,1,2,0,1,2,0,1
006426,3,0,0,3,2,0,3,3,0,3,2,0
006446,3,0,0,3,1,0,3,1,0,3,1,0
006452,3,0,0,3,1,0,3,1,0,3,1,0
006487,3,0,0,2,0,1,2,0,1,2,0,1
006581,3,0,0,2,2,1,2,2,1,2,2,1
006629,3,0,0,3,1,0,3,0,0,3,1,0
006656,3,0,0,2,0,1,2,0,1,2,0,1
006716,3,0,0,3,0,0,3,0,0,3,0,0
006843,3,0,0,3,3,0,3,1,0,3,3,0
006923,3,0,0,3,1,0,2,2,1,3,1,0
006925,3,0,0,3,3,0,2,2,1,3,3,0
006955,3,0,0,3,0,0,3,0,0,3,0,0
007019,3,0,0,3,1,0,3,2,0,3,1,0
007026,3,0,0,2,0,1,2,0,1,2,0,1
007044,3,0,0,2,1,1,2,1,1,2,1,1
007067,3,0,0,2,1,1,2,1,1,2,1,1
007069,3,0,0,3,3,0,3,2,0,3,3,0
007081,3,0,0,3,2,0,3,1,0,3,2,0
007170,3,0,0,2,1,1,2,3,1,2,1,1
007196,3,0,0,3,0,0,3,1,0,3,0,0
007203,3,0,0,3,1,0,3,0,0,3,1,0
007220,3,0,0,3,1,0,3,3,0,3,1,0
007267,3,0,0,2,0,1,3,0,0,2,0,1
007269,3,0,0,2,0,1,2,0,1,2,0,1
007282,3,0,0,3,0,0,3,1,0,3,0,0
007321,3,0,0,2,0,1,2,0,1,2,0,1
007349,3,0,0,2,2,1,2,4,1,2,2,1
007352,3,0,0,2,0,1,2,0,1,2,0,1
007358,3,0,0,3,0,0,3,0,0,3,0,0
007395,3,0,0,3,0,0,3,0,0,3,0,0
007415,3,0,0,2,2,1,2,0,1,2,2,1
007510,3,0,0,3,0,0,3,0,0,3,0,0
007549,3,0,0,2,0,1,2,0,1,2,0,1
007583,3,0,0,3,0,0,3,0,0,3,0,0
007589,3,0,0,3,1,0,3,1,0,3,1,0
007665,3,0,0,3,0,0,3,0,0,3,0,0
007690,3,0,0,3,2,0,3,2,0,3,2,0
007700,3,0,0,1,1,2,2,1,1,1,1,2
007707,3,0,0,3,0,0,3,0,0,3,0,0
007719,3,0,0,3,0,0,3,0,0,3,0,0
007757,3,0,0,3,2,0,3,2,0,3,2,0
007759,3,0,0,3,1,0,3,1,0,3,1,0
007780,3,0,0,2,0,1,2,0,1,2,0,1
007811,3,0,0,3,2,0,3,2,0,3,2,0
007822,3,0,0,2,1,1,2,1,1,2,1,1
007832,3,0,0,3,0,0,2,0,1,3,0,0
007871,3,0,0,3,1,0,3,0,0,3,1,0
007882,3,0,0,3,2,0,3,2,0,3,2,0
007903,3,0,0,3,1,0,3,0,0,3,1,0
007913,3,0,0,2,0,1,2,0,1,2,0,1
007917,3,0,0,3,0,0,3,0,0,3,0,0
007957,3,0,0,3,1,0,3,2,0,3,1,0
007965,3,0,0,3,0,0,3,2,0,3,0,0
007992,3,0,0,1,0,2,2,0,1,1,0,2
008022,3,0,0,3,0,0,3,0,0,3,0,0
008111,3,0,0,3,0,0,3,0,0,3,0,0
008126,3,0,0,3,0,0,3,0,0,3,0,0
008187,3,0,0,3,0,0,3,0,0,3,0,0
008230,3,0,0,3,2,0,3,2,0,3,2,0
008237,3,0,0,3,0,0,3,1,0,3,0,0
008249,3,0,0,3,0,0,3,0,0,3,0,0
008278,3,0,0,3,1,0,3,1,0,3,1,0
008287,3,0,0,3,2,0,3,1,0,3,2,0
008290,3,0,0,2,1,1,2,1,1,2,1,1
008324,3,0,0,2,0,1,3,0,0,2,0,1
008325,3,0,0,3,3,0,3,1,0,3,3,0
008347,3,0,0,3,1,0,3,2,0,3,1,0
008363,3,0,0,2,0,1,2,1,1,2,0,1
008400,3,0,0,3,0,0,3,2,0,3,0,0
008431,3,0,0,2,1,1,2,0,1,2,1,1
008455,3,0,0,3,0,0,3,0,0,3,0,0
008458,3,0,0,3,1,0,3,1,0,3,1,0
008486,3,0,0,3,1,0,3,1,0,3,1,0
008708,3,0,0,2,0,1,3,0,0,2,0,1
008803,3,0,0,3,0,0,3,1,0,3,0,0
008808,3,0,0,3,0,0,3,0,0,3,0,0
009013,3,0,0,1,0,2,1,0,2,1,0,2
009069,3,0,0,3,4,0,3,3,0,3,4,0
009149,3,0,0,1,0,2,2,0,1,1,0,2
009267,3,0,0,3,2,0,3,1,0,3,2,0
009274,3,0,0,1,0,2,1,0,2,1,0,2
009311,3,0,0,3,2,0,3,2,0,3,2,0
009367,3,0,0,3,0,0,3,0,0,3,0,0
009467,3,0,0,3,0,0,3,0,0,3,0,0
009473,3,0,0,3,1,0,3,1,0,3,1,0
009631,3,0,0,3,1,0,3,1,0,3,1,0
009661,3,0,0,3,1,0,3,1,0,3,1,0
009694,3,0,0,3,0,0,3,0,0,3,0,0
009811,3,0,0,3,0,0,3,0,0,3,0,0
009856,3,0,0,3,0,0,3,0,0,3,0,0
009916,3,0,0,2,2,1,2,5,1,2,2,1
009951,3,0,0,3,2,0,3,2,0,3,2,0
000010,2,0,0,2,0,0,2,0,0,2,0,0
000022,2,0,0,2,0,0,2,0,0,2,0,0
000069,2,0,0,2,0,0,2,0,0,2,0,0
000082,2,0,0,2,0,0,2,0,0,2,0,0
000085,2,0,0,2,2,0,2,2,0,2,2,0
000090,2,0,0,2,0,0,2,1,0,2,0,0
000096,2,0,0,2,0,0,2,0,0,2,0,0
000168,2,0,0,2,0,0,2,0,0,2,0,0
000202,2,0,0,2,1,0,2,1,0,2,1,0
000230,2,0,0,2,0,0,2,0,0,2,0,0
000231,2,0,0,2,1,0,2,0,0,2,1,0
000237,2,0,0,2,0,0,2,1,0,2,0,0
000238,2,0,0,2,0,0,2,1,0,2,0,0
000248,2,0,0,2,0,0,2,0,0,2,0,0
000261,2,0,0,1,0,1,1,0,1,1,0,1
000264,2,0,0,2,0,0,2,0,0,2,0,0
000301,2,0,0,2,1,0,2,1,0,2,1,0
000330,2,0,0,2,0,0,2,0,0,2,0,0
000356,2,0,0,2,0,0,2,0,0,2,0,0
000358,2,0,0,2,0,0,2,0,0,2,0,0
000361,2,0,0,2,0,0,2,0,0,2,0,0
000378,2,0,0,2,0,0,2,0,0,2,0,0
000383,2,0,0,2,0,0,2,0,0,2,0,0
000388,2,0,0,2,0,0,2,1,0,2,0,0
000393,2,0,0,2,0,0,2,0,0,2,0,0
000401,2,0,0,2,0,0,2,0,0,2,0,0
000412,2,0,0,1,0,1,1,0,1,1,0,1
000421,2,0,0,2,0,0,2,0,0,2,0,0
000429,2,0,0,2,1,0,1,3,1,2,1,0
000432,2,0,0,2,0,0,2,0,0,2,0,0
000434,2,0,0,2,0,0,2,0,0,2,0,0
000437,2,0,0,2,0,0,2,0,0,2,0,0
000447,2,0,0,1,1,1,2,1,0,1,1,1
000455,2,0,0,2,0,0,2,0,0,2,0,0
000456,2,0,0,2,0,0,2,0,0,2,0,0
000475,2,0,0,1,3,1,1,3,1,1,3,1
000506,2,0,0,2,4,0,2,4,0,2,4,0
000536,2,0,0,2,2,0,1,2,1,2,2,0
000546,2,0,0,2,1,0,2,2,0,2,1,0
000558,2,0,0,2,0,0,2,0,0,2,0,0
000562,2,0,0,2,0,0,2,0,0,2,0,0
000567,2,0,0,2,0,0,2,0,0,2,0,0
000570,2,0,0,2,0,0,2,0,0,2,0,0
000574,2,0,0,1,0,1,1,0,1,1,0,1
000586,2,0,0,2,1,0,2,1,0,2,1,0
000602,2,0,0,2,0,0,2,0,0,2,0,0
000604,2,0,0,2,0,0,2,0,0,2,0,0
000611,2,0,0,2,0,0,2,0,0,2,0,0
000616,2,0,0,2,0,0,2,0,0,2,0,0
000617,2,0,0,2,2,0,2,2,0,2,2,0
000623,2,0,0,2,0,0,2,0,0,2,0,0
000630,2,0,0,2,0,0,2,0,0,2,0,0
000641,2,0,0,2,2,0,2,2,0,2,2,0
000642,2,0,0,1,0,1,1,0,1,1,0,1
000643,2,0,0,2,2,0,2,2,0,2,2,0
000649,2,0,0,2,0,0,2,0,0,2,0,0
000655,2,0,0,2,0,0,2,0,0,2,0,0
000662,2,0,0,2,0,0,2,0,0,2,0,0
000669,2,0,0,2,0,0,2,1,0,2,0,0
000670,2,0,0,2,0,0,2,1,0,2,0,0
000697,2,0,0,2,0,0,2,0,0,2,0,0
000715,2,0,0,2,0,0,2,0,0,2,0,0
000718,2,0,0,2,0,0,2,0,0,2,0,0
000734,2,0,0,2,0,0,2,0,0,2,0,0
000741,2,0,0,2,0,0,2,0,0,2,0,0
000783,2,0,0,2,0,0,2,0,0,2,0,0
000819,2,0,0,2,0,0,2,0,0,2,0,0
000825,2,0,0,2,0,0,1,0,1,2,0,0
000835,2,0,0,2,0,0,2,1,0,2,0,0
000836,2,0,0,2,0,0,2,0,0,2,0,0
000866,2,0,0,2,0,0,2,0,0,2,0,0
000891,2,0,0,2,0,0,2,0,0,2,0,0
000894,2,0,0,2,0,0,2,0,0,2,0,0
000901,2,0,0,1,0,1,2,1,0,1,0,1
000913,2,0,0,2,1,0,1,1,1,2,1,0
000925,2,0,0,2,0,0,2,0,0,2,0,0
000927,2,0,0,2,0,0,2,0,0,2,0,0
000928,2,0,0,2,0,0,2,0,0,2,0,0
000930,2,0,0,2,0,0,2,0,0,2,0,0
000953,2,0,0,2,2,0,2,2,0,2,2,0
000956,2,0,0,1,0,1,1,0,1,1,0,1
000969,2,0,0,2,0,0,2,0,0,2,0,0
000995,2,0,0,2,0,0,2,1,0,2,0,0
001031,2,0,0,2,0,0,2,0,0,2,0,0
001033,2,0,0,2,0,0,2,0,0,2,0,0
001055,2,0,0,1,1,1,1,1,1,1,1,1
001063,2,0,0,2,0,0,2,0,0,2,0,0
001075,2,0,0,1,1,1,2,1,0,1,1,1
001080,2,0,0,1,0,1,1,0,1,1,0,1
001081,2,0,0,2,0,0,2,0,0,2,0,0
001096,2,0,0,2,0,0,2,1,0,2,0,0
001111,2,0,0,2,2,0,2,2,0,2,2,0
001115,2,0,0,2,1,0,2,1,0,2,1,0
001134,2,0,0,2,1,0,2,1,0,2,1,0
001159,2,0,0,2,0,0,2,0,0,2,0,0
001198,2,0,0,2,2,0,2,3,0,2,2,0
001202,2,0,0,2,0,0,2,0,0,2,0,0
001216,2,0,0,1,2,1,1,1,1,1,2,1
001235,2,0,0,2,0,0,2,0,0,2,0,0
001238,2,0,0,2,0,0,2,0,0,2,0,0
001255,2,0,0,1,2,1,1,1,1,1,2,1
001285,2,0,0,2,0,0,2,0,0,2,0,0
001296,2,0,0,2,0,0,2,0,0,2,0,0
001320,2,0,0,2,0,0,2,0,0,2,0,0
001336,2,0,0,2,0,0,2,0,0,2,0,0
001338,2,0,0,1,0,1,2,0,0,1,0,1
001342,2,0,0,2,3,0,2,1,0,2,3,0
001347,2,0,0,2,1,0,2,1,0,2,1,0
001357,2,0,0,2,0,0,2,0,0,2,0,0
001367,2,0,0,2,1,0,2,0,0,2,1,0
001369,2,0,0,2,0,0,2,0,0,2,0,0
001376,2,0,0,2,1,0,2,1,0,2,1,0
001391,2,0,0,2,0,0,2,0,0,2,0,0
001394,2,0,0,2,0,0,2,0,0,2,0,0
001396,2,0,0,2,0,0,2,0,0,2,0,0
001412,2,0,0,2,0,0,2,0,0,2,0,0
001417,2,0,0,2,0,0,2,0,0,2,0,0
001431,2,0,0,2,1,0,2,2,0,2,1,0
001447,2,0,0,2,0,0,2,0,0,2,0,0
001473,2,0,0,2,1,0,2,2,0,2,1,0
001513,2,0,0,2,0,0,2,0,0,2,0,0
001552,2,0,0,2,0,0,2,0,0,2,0,0
001578,2,0,0,1,0,1,1,0,1,1,0,1
001589,2,0,0,2,0,0,2,0,0,2,0,0
001613,2,0,0,1,0,1,1,0,1,1,0,1
001624,2,0,0,2,0,0,2,0,0,2,0,0
001639,2,0,0,1,0,1,1,0,1,1,0,1
001641,2,0,0,1,1,1,1,0,1,1,1,1
001646,2,0,0,2,0,0,2,0,0,2,0,0
001656,2,0,0,2,0,0,2,0,0,2,0,0
001670,2,0,0,0,1,2,1,1,1,0,1,2
001687,2,0,0,2,0,0,2,0,0,2,0,0
001692,2,0,0,2,0,0,2,0,0,2,0,0
001698,2,0,0,1,0,1,1,0,1,1,0,1
001703,2,0,0,2,1,0,2,1,0,2,1,0
001705,2,0,0,1,0,1,1,0,1,1,0,1
001709,2,0,0,2,1,0,2,1,0,2,1,0
001742,2,0,0,2,2,0,2,2,0,2,2,0
001762,2,0,0,2,0,0,2,0,0,2,0,0
001781,2,0,0,2,1,0,2,1,0,2,1,0
001819,2,0,0,2,0,0,2,0,0,2,0,0
001823,2,0,0,2,0,0,2,0,0,2,0,0
001824,2,0,0,1,1,1,1,1,1,1,1,1
001826,2,0,0,2,1,0,2,1,0,2,1,0
001852,2,0,0,2,1,0,2,0,0,2,1,0
001924,2,0,0,2,0,0,2,0,0,2,0,0
001926,2,0,0,2,0,0,2,1,0,2,0,0
001953,2,0,0,1,1,1,1,1,1,1,1,1
001965,2,0,0,1,0,1,1,0,1,1,0,1
001966,2,0,0,2,0,0,2,0,0,2,0,0
001973,2,0,0,0,1,2,0,0,2,0,1,2
001979,2,0,0,2,0,0,2,0,0,2,0,0
001988,2,0,0,2,0,0,2,0,0,2,0,0
001991,2,0,0,2,0,0,2,0,0,2,0,0
001996,2,0,0,1,0,1,1,0,1,1,0,1
001998,2,0,0,2,0,0,2,0,0,2,0,0
002005,2,0,0,2,1,0,2,1,0,2,1,0
002008,2,0,0,2,0,0,2,0,0,2,0,0
002031,2,0,0,2,1,0,2,0,0,2,1,0
002041,2,0,0,2,0,0,2,0,0,2,0,0
002046,2,0,0,2,1,0,2,0,0,2,1,0
002050,2,0,0,2,0,0,2,0,0,2,0,0
002072,2,0,0,2,0,0,2,0,0,2,0,0
002079,2,0,0,2,0,0,2,1,0,2,0,0
002105,2,0,0,2,0,0,2,0,0,2,0,0
002115,2,0,0,2,0,0,2,0,0,2,0,0
002121,2,0,0,1,0,1,2,0,0,1,0,1
002167,2,0,0,1,0,1,1,1,1,1,0,1
002195,2,0,0,2,0,0,2,0,0,2,0,0
002204,2,0,0,2,0,0,2,0,0,2,0,0
002216,2,0,0,2,0,0,2,0,0,2,0,0
002229,2,0,0,2,0,0,2,0,0,2,0,0
002232,2,0,0,2,0,0,2,0,0,2,0,0
002246,2,0,0,1,0,1,1,0,1,1,0,1
002252,2,0,0,2,0,0,2,0,0,2,0,0
002274,2,0,0,2,0,0,2,0,0,2,0,0
002336,2,0,0,2,0,0,2,0,0,2,0,0
002360,2,0,0,2,0,0,2,0,0,2,0,0
002365,2,0,0,1,0,1,1,0,1,1,0,1
002398,2,0,0,2,0,0,2,0,0,2,0,0
002409,2,0,0,2,0,0,2,0,0,2,0,0
002412,2,0,0,1,0,1,2,0,0,1,0,1
002421,2,0,0,2,0,0,2,0,0,2,0,0
002428,2,0,0,2,3,0,2,1,0,2,3,0
002430,2,0,0,1,0,1,1,0,1,1,0,1
002453,2,0,0,2,0,0,2,0,0,2,0,0
002469,2,0,0,2,0,0,2,0,0,2,0,0
002485,2,0,0,1,1,1,1,1,1,1,1,1
002487,2,0,0,0,1,2,1,0,1,0,1,2
002499,2,0,0,2,0,0,2,0,0,2,0,0
002507,2,0,0,2,0,0,2,0,0,2,0,0
002511,2,0,0,2,0,0,2,0,0,2,0,0
002530,2,0,0,2,0,0,2,0,0,2,0,0
002580,2,0,0,0,0,2,1,0,1,0,0,2
002583,2,0,0,2,0,0,2,0,0,2,0,0
002588,2,0,0,2,0,0,2,0,0,2,0,0
002597,2,0,0,2,0,0,2,1,0,2,0,0
002620,2,0,0,2,1,0,2,2,0,2,1,0
002623,2,0,0,2,0,0,2,0,0,2,0,0
002654,2,0,0,2,0,0,2,0,0,2,0,0
002655,2,0,0,2,0,0,2,1,0,2,0,0
002663,2,0,0,2,0,0,2,1,0,2,0,0
002671,2,0,0,2,0,0,2,2,0,2,0,0
002687,2,0,0,2,0,0,2,0,0,2,0,0
002712,2,0,0,2,2,0,2,2,0,2,2,0
002731,2,0,0,2,0,0,2,0,0,2,0,0
002740,2,0,0,1,0,1,2,1,0,1,0,1
002752,2,0,0,1,1,1,2,1,0,1,1,1
002756,2,0,0,1,0,1,1,0,1,1,0,1
002768,2,0,0,2,1,0,2,0,0,2,1,0
002780,2,0,0,2,0,0,2,0,0,2,0,0
002790,2,0,0,2,0,0,2,0,0,2,0,0
002806,2,0,0,2,0,0,2,0,0,2,0,0
002811,2,0,0,1,0,1,2,1,0,1,0,1
002843,2,0,0,2,0,0,2,0,0,2,0,0
002857,2,0,0,2,0,0,2,0,0,2,0,0
002865,2,0,0,2,1,0,2,0,0,2,1,0
002895,2,0,0,2,1,0,2,0,0,2,1,0
002905,2,0,0,2,1,0,2,1,0,2,1,0
002909,2,0,0,2,0,0,2,0,0,2,0,0
002921,2,0,0,2,0,0,2,0,0,2,0,0
002982,2,0,0,2,0,0,2,0,0,2,0,0
003016,2,0,0,2,0,0,1,0,1,2,0,0
003022,2,0,0,2,0,0,2,0,0,2,0,0
003036,2,0,0,1,0,1,1,0,1,1,0,1
003097,2,0,0,2,0,0,2,0,0,2,0,0
003132,2,0,0,2,0,0,2,1,0,2,0,0
003151,2,0,0,2,1,0,2,1,0,2,1,0
003160,2,0,0,2,0,0,2,0,0,2,0,0
003173,2,0,0,2,1,0,2,1,0,2,1,0
003187,2,0,0,2,0,0,2,0,0,2,0,0
003196,2,0,0,2,0,0,2,0,0,2,0,0
003206,2,0,0,0,1,2,0,2,2,0,1,2
003209,2,0,0,1,0,1,1,0,1,1,0,1
003217,2,0,0,2,2,0,2,1,0,2,2,0
003232,2,0,0,2,0,0,2,0,0,2,0,0
003235,2,0,0,2,0,0,2,0,0,2,0,0
003237,2,0,0,2,0,0,2,0,0,2,0,0
003264,2,0,0,2,1,0,2,1,0,2,1,0
003304,2,0,0,2,0,0,2,0,0,2,0,0
003324,2,0,0,2,0,0,2,0,0,2,0,0
003328,2,0,0,2,0,0,2,0,0,2,0,0
003333,2,0,0,2,0,0,2,0,0,2,0,0
003334,2,0,0,1,0,1,1,0,1,1,0,1
003340,2,0,0,2,0,0,2,0,0,2,0,0
003346,2,0,0,2,0,0,2,0,0,2,0,0
003368,2,0,0,2,1,0,2,2,0,2,1,0
003402,2,0,0,2,0,0,2,0,0,2,0,0
003427,2,0,0,1,3,1,2,1,0,1,3,1
003446,2,0,0,2,0,0,2,0,0,2,0,0
003473,2,0,0,1,0,1,2,1,0,1,0,1
003490,2,0,0,1,2,1,1,1,1,1,2,1
003505,2,0,0,2,0,0,2,0,0,2,0,0
003507,2,0,0,2,1,0,2,1,0,2,1,0
003531,2,0,0,2,0,0,2,0,0,2,0,0
003538,2,0,0,2,0,0,2,0,0,2,0,0
003553,2,0,0,2,0,0,2,0,0,2,0,0
003557,2,0,0,2,0,0,2,0,0,2,0,0
003584,2,0,0,2,0,0,2,0,0,2,0,0
003600,2,0,0,2,0,0,2,0,0,2,0,0
003612,2,0,0,2,0,0,2,0,0,2,0,0
003613,2,0,0,2,0,0,2,0,0,2,0,0
003641,2,0,0,2,0,0,2,0,0,2,0,0
003647,2,0,0,2,0,0,2,0,0,2,0,0
003650,2,0,0,2,2,0,2,2,0,2,2,0
003670,2,0,0,2,0,0,2,0,0,2,0,0
003682,2,0,0,2,0,0,2,0,0,2,0,0
003707,2,0,0,1,0,1,1,1,1,1,0,1
003731,2,0,0,2,0,0,2,0,0,2,0,0
003737,2,0,0,2,2,0,2,2,0,2,2,0
003762,2,0,0,1,1,1,0,2,2,1,1,1
003764,2,0,0,2,0,0,2,0,0,2,0,0
003776,2,0,0,1,0,1,1,0,1,1,0,1
003880,2,0,0,1,0,1,1,0,1,1,0,1
003897,2,0,0,2,1,0,2,1,0,2,1,0
003906,2,0,0,1,0,1,2,0,0,1,0,1
003922,2,0,0,2,0,0,2,0,0,2,0,0
003942,2,0,0,2,1,0,2,2,0,2,1,0
003951,2,0,0,2,0,0,2,0,0,2,0,0
003976,2,0,0,2,0,0,2,0,0,2,0,0
003981,2,0,0,2,0,0,2,0,0,2,0,0
003999,2,0,0,1,0,1,1,0,1,1,0,1
004000,2,0,0,2,0,0,2,1,0,2,0,0
004041,2,0,0,2,0,0,2,1,0,2,0,0
004042,2,0,0,1,1,1,1,1,1,1,1,1
004043,2,0,0,2,0,0,2,0,0,2,0,0
004049,2,0,0,2,2,0,2,2,0,2,2,0
004055,2,0,0,2,1,0,2,1,0,2,1,0
004063,2,0,0,2,0,0,2,1,0,2,0,0
004064,2,0,0,2,1,0,2,1,0,2,1,0
004070,2,0,0,2,0,0,2,0,0,2,0,0
004081,2,0,0,2,1,0,2,1,0,2,1,0
004083,2,0,0,2,0,0,2,0,0,2,0,0
004086,2,0,0,2,0,0,2,0,0,2,0,0
004094,2,0,0,1,0,1,1,0,1,1,0,1
004099,2,0,0,2,0,0,2,0,0,2,0,0
004116,2,0,0,2,0,0,2,0,0,2,0,0
004119,2,0,0,2,1,0,2,1,0,2,1,0
004125,2,0,0,2,1,0,2,0,0,2,1,0
004126,2,0,0,2,0,0,2,0,0,2,0,0
004127,2,0,0,1,1,1,1,2,1,1,1,1
004166,2,0,0,1,6,1,1,5,1,1,6,1
004177,2,0,0,2,0,0,2,0,0,2,0,0
004202,2,0,0,2,0,0,2,0,0,2,0,0
004208,2,0,0,2,0,0,2,0,0,2,0,0
004225,2,0,0,1,1,1,1,1,1,1,1,1
004233,2,0,0,2,1,0,2,1,0,2,1,0
004240,2,0,0,2,0,0,2,0,0,2,0,0
004254,2,0,0,2,0,0,2,0,0,2,0,0
004260,2,0,0,1,1,1,1,1,1,1,1,1
004266,2,0,0,1,0,1,2,0,0,1,0,1
004294,2,0,0,2,0,0,2,0,0,2,0,0
004324,2,0,0,2,0,0,2,0,0,2,0,0
004336,2,0,0,2,0,0,2,0,0,2,0,0
004344,2,0,0,2,0,0,2,0,0,2,0,0
004362,2,0,0,1,0,1,1,0,1,1,0,1
004381,2,0,0,2,0,0,2,0,0,2,0,0
004395,2,0,0,2,0,0,2,0,0,2,0,0
004410,2,0,0,2,0,0,2,1,0,2,0,0
004418,2,0,0,2,0,0,2,0,0,2,0,0
004456,2,0,0,2,0,0,2,0,0,2,0,0
004480,2,0,0,2,0,0,2,0,0,2,0,0
004492,2,0,0,1,1,1,1,1,1,1,1,1
004511,2,0,0,2,0,0,2,0,0,2,0,0
004538,2,0,0,2,0,0,2,0,0,2,0,0
004541,2,0,0,2,0,0,2,0,0,2,0,0
004546,2,0,0,2,1,0,2,0,0,2,1,0
004547,2,0,0,2,0,0,2,0,0,2,0,0
004564,2,0,0,2,0,0,2,0,0,2,0,0
004569,2,0,0,2,0,0,2,0,0,2,0,0
004589,2,0,0,2,0,0,2,0,0,2,0,0
004620,2,0,0,1,0,1,1,0,1,1,0,1
004641,2,0,0,2,0,0,2,1,0,2,0,0
004677,2,0,0,2,0,0,2,1,0,2,0,0
004678,2,0,0,1,0,1,1,1,1,1,0,1
004696,2,0,0,2,1,0,2,1,0,2,1,0
004703,2,0,0,2,0,0,2,0,0,2,0,0
004716,2,0,0,2,0,0,2,0,0,2,0,0
004720,2,0,0,2,0,0,2,0,0,2,0,0
004741,2,0,0,2,0,0,2,0,0,2,0,0
004744,2,0,0,2,1,0,2,2,0,2,1,0
004749,2,0,0,2,0,0,2,0,0,2,0,0
004756,2,0,0,2,0,0,2,0,0,2,0,0
004757,2,0,0,2,0,0,2,0,0,2,0,0
004763,2,0,0,2,0,0,2,0,0,2,0,0
004765,2,0,0,2,0,0,2,0,0,2,0,0
004803,2,0,0,2,0,0,2,0,0,2,0,0
004811,2,0,0,2,0,0,2,0,0,2,0,0
004824,2,0,0,2,0,0,2,0,0,2,0,0
004854,2,0,0,2,0,0,2,0,0,2,0,0
004874,2,0,0,2,0,0,2,0,0,2,0,0
004877,2,0,0,1,1,1,1,0,1,1,1,1
004880,2,0,0,2,0,0,2,0,0,2,0,0
004887,2,0,0,2,0,0,2,0,0,2,0,0
004888,2,0,0,2,0,0,2,0,0,2,0,0
004917,2,0,0,2,0,0,2,0,0,2,0,0
004920,2,0,0,0,1,2,0,2,2,0,1,2
004925,2,0,0,2,1,0,2,0,0,2,1,0
004930,2,0,0,2,0,0,2,0,0,2,0,0
004932,2,0,0,2,0,0,2,0,0,2,0,0
004941,2,0,0,1,0,1,1,0,1,1,0,1
004965,2,0,0,2,0,0,2,0,0,2,0,0
005005,2,0,0,2,0,0,2,0,0,2,0,0
005019,2,0,0,2,1,0,2,3,0,2,1,0
005040,2,0,0,2,0,0,2,0,0,2,0,0
005069,2,0,0,2,0,0,2,0,0,2,0,0
005103,2,0,0,2,0,0,2,0,0,2,0,0
005106,2,0,0,2,1,0,2,0,0,2,1,0
005119,2,0,0,2,0,0,2,0,0,2,0,0
005125,2,0,0,2,0,0,2,1,0,2,0,0
005132,2,0,0,2,0,0,2,0,0,2,0,0
005133,2,0,0,2,0,0,2,0,0,2,0,0
005139,2,0,0,2,0,0,2,0,0,2,0,0
005149,2,0,0,0,1,2,0,1,2,0,1,2
005152,2,0,0,2,1,0,2,1,0,2,1,0
005174,2,0,0,2,3,0,2,3,0,2,3,0
005182,2,0,0,2,0,0,2,0,0,2,0,0
005204,2,0,0,2,0,0,2,0,0,2,0,0
005228,2,0,0,1,1,1,1,1,1,1,1,1
005232,2,0,0,2,0,0,2,0,0,2,0,0
005237,2,0,0,2,1,0,2,2,0,2,1,0
005240,2,0,0,1,0,1,1,0,1,1,0,1
005250,2,0,0,1,0,1,1,0,1,1,0,1
005272,2,0,0,2,1,0,2,2,0,2,1,0
005287,2,0,0,2,0,0,2,2,0,2,0,0
005289,2,0,0,2,0,0,2,0,0,2,0,0
005323,2,0,0,1,4,1,0,5,2,1,4,1
005332,2,0,0,1,1,1,1,1,1,1,1,1
005335,2,0,0,2,1,0,2,1,0,2,1,0
005356,2,0,0,2,0,0,2,0,0,2,0,0
005357,2,0,0,2,0,0,2,0,0,2,0,0
005399,2,0,0,2,1,0,2,1,0,2,1,0
005400,2,0,0,2,0,0,2,0,0,2,0,0
005409,2,0,0,2,0,0,2,0,0,2,0,0
005411,2,0,0,2,1,0,2,0,0,2,1,0
005425,2,0,0,2,0,0,2,0,0,2,0,0
005458,2,0,0,2,0,0,2,0,0,2,0,0
005484,2,0,0,1,2,1,1,3,1,1,2,1
005488,2,0,0,2,0,0,2,0,0,2,0,0
005494,2,0,0,2,0,0,2,0,0,2,0,0
005500,2,0,0,2,0,0,2,0,0,2,0,0
005503,2,0,0,1,0,1,1,0,1,1,0,1
005512,2,0,0,2,1,0,2,4,0,2,1,0
005513,2,0,0,2,0,0,2,0,0,2,0,0
005553,2,0,0,2,0,0,2,0,0,2,0,0
005556,2,0,0,2,4,0,2,4,0,2,4,0
005560,2,0,0,2,0,0,2,0,0,2,0,0
005602,2,0,0,1,0,1,1,0,1,1,0,1
005610,2,0,0,2,0,0,2,0,0,2,0,0
005617,2,0,0,2,0,0,2,0,0,2,0,0
005621,2,0,0,0,1,2,0,1,2,0,1,2
005688,2,0,0,1,0,1,2,0,0,1,0,1
005709,2,0,0,2,0,0,2,0,0,2,0,0
005712,2,0,0,2,1,0,2,1,0,2,1,0
005720,2,0,0,2,1,0,2,2,0,2,1,0
005722,2,0,0,2,0,0,2,0,0,2,0,0
005733,2,0,0,2,0,0,2,0,0,2,0,0
005739,2,0,0,2,1,0,2,1,0,2,1,0
005745,2,0,0,2,0,0,2,1,0,2,0,0
005750,2,0,0,1,1,1,1,1,1,1,1,1
005775,2,0,0,2,0,0,2,0,0,2,0,0
005792,2,0,0,2,0,0,2,0,0,2,0,0
005816,2,0,0,2,0,0,2,0,0,2,0,0
005847,2,0,0,1,0,1,1,0,1,1,0,1
005848,2,0,0,2,0,0,2,0,0,2,0,0
005857,2,0,0,2,0,0,2,0,0,2,0,0
005862,2,0,0,2,0,0,2,0,0,2,0,0
005887,2,0,0,2,0,0,2,0,0,2,0,0
005890,2,0,0,2,1,0,2,1,0,2,1,0
005915,2,0,0,2,0,0,2,0,0,2,0,0
005924,2,0,0,2,0,0,2,0,0,2,0,0
005936,2,0,0,1,0,1,1,0,1,1,0,1
005942,2,0,0,2,0,0,2,0,0,2,0,0
005944,2,0,0,2,0,0,2,0,0,2,0,0
005950,2,0,0,2,2,0,2,1,0,2,2,0
005958,2,0,0,2,0,0,2,0,0,2,0,0
005959,2,0,0,1,0,1,2,0,0,1,0,1
005966,2,0,0,2,0,0,2,0,0,2,0,0
005967,2,0,0,2,0,0,2,0,0,2,0,0
005977,2,0,0,2,1,0,1,0,1,2,1,0
006013,2,0,0,1,0,1,1,0,1,1,0,1
006048,2,0,0,1,0,1,1,0,1,1,0,1
006072,2,0,0,2,0,0,2,0,0,2,0,0
006083,2,0,0,2,0,0,2,0,0,2,0,0
006092,2,0,0,2,3,0,2,3,0,2,3,0
006106,2,0,0,2,0,0,2,0,0,2,0,0
006110,2,0,0,2,0,0,2,1,0,2,0,0
006118,2,0,0,2,0,0,2,0,0,2,0,0
006119,2,0,0,2,0,0,2,0,0,2,0,0
006132,2,0,0,0,1,2,1,1,1,0,1,2
006143,2,0,0,2,0,0,2,0,0,2,0,0
006144,2,0,0,2,0,0,2,0,0,2,0,0
006182,2,0,0,2,0,0,2,0,0,2,0,0
006192,2,0,0,2,0,0,2,0,0,2,0,0
006199,2,0,0,2,0,0,2,0,0,2,0,0
006207,2,0,0,2,0,0,2,0,0,2,0,0
006256,2,0,0,2,0,0,2,0,0,2,0,0
006283,2,0,0,2,0,0,2,0,0,2,0,0
006287,2,0,0,2,0,0,2,0,0,2,0,0
006302,2,0,0,2,2,0,2,2,0,2,2,0
006308,2,0,0,1,2,1,1,1,1,1,2,1
006311,2,0,0,0,1,2,0,1,2,0,1,2
006312,2,0,0,1,0,1,1,0,1,1,0,1
006326,2,0,0,2,0,0,2,0,0,2,0,0
006354,2,0,0,1,1,1,1,1,1,1,1,1
006365,2,0,0,2,1,0,2,1,0,2,1,0
006368,2,0,0,2,0,0,2,0,0,2,0,0
006373,2,0,0,2,0,0,2,1,0,2,0,0
006397,2,0,0,1,0,1,1,0,1,1,0,1
006399,2,0,0,2,0,0,2,1,0,2,0,0
006402,2,0,0,2,0,0,2,0,0,2,0,0
006403,2,0,0,2,2,0,2,1,0,2,2,0
006410,2,0,0,2,1,0,2,2,0,2,1,0
006422,2,0,0,2,0,0,2,0,0,2,0,0
006423,2,0,0,2,0,0,1,0,1,2,0,0
006431,2,0,0,2,0,0,2,0,0,2,0,0
006451,2,0,0,1,0,1,1,1,1,1,0,1
006457,2,0,0,1,1,1,2,0,0,1,1,1
006460,2,0,0,1,1,1,1,1,1,1,1,1
006464,2,0,0,2,0,0,2,0,0,2,0,0
006489,2,0,0,2,0,0,2,0,0,2,0,0
006491,2,0,0,2,0,0,2,0,0,2,0,0
006493,2,0,0,1,0,1,1,0,1,1,0,1
006514,2,0,0,1,0,1,1,0,1,1,0,1
006518,2,0,0,1,0,1,1,0,1,1,0,1
006521,2,0,0,2,0,0,2,0,0,2,0,0
006535,2,0,0,2,0,0,2,1,0,2,0,0
006540,2,0,0,2,1,0,2,1,0,2,1,0
006557,2,0,0,2,0,0,2,1,0,2,0,0
006561,2,0,0,2,0,0,2,0,0,2,0,0
006586,2,0,0,2,0,0,2,0,0,2,0,0
006592,2,0,0,2,0,0,2,0,0,2,0,0
006596,2,0,0,2,0,0,2,0,0,2,0,0
006620,2,0,0,2,1,0,2,0,0,2,1,0
006623,2,0,0,2,0,0,2,0,0,2,0,0
006672,2,0,0,2,0,0,2,0,0,2,0,0
006676,2,0,0,2,0,0,2,0,0,2,0,0
006691,2,0,0,2,0,0,2,0,0,2,0,0
006717,2,0,0,2,0,0,2,0,0,2,0,0
006721,2,0,0,1,3,1,1,2,1,1,3,1
006733,2,0,0,2,1,0,2,1,0,2,1,0
006737,2,0,0,2,0,0,2,0,0,2,0,0
006742,2,0,0,2,0,0,2,0,0,2,0,0
006750,2,0,0,0,2,2,0,2,2,0,2,2
006775,2,0,0,2,0,0,2,0,0,2,0,0
006778,2,0,0,0,0,2,0,0,2,0,0,2
006779,2,0,0,2,0,0,2,0,0,2,0,0
006793,2,0,0,2,0,0,2,0,0,2,0,0
006798,2,0,0,1,0,1,2,0,0,1,0,1
006811,2,0,0,2,0,0,2,0,0,2,0,0
006815,2,0,0,1,2,1,1,2,1,1,2,1
006816,2,0,0,1,1,1,1,1,1,1,1,1
006823,2,0,0,2,0,0,2,0,0,2,0,0
006873,2,0,0,2,0,0,2,0,0,2,0,0
006875,2,0,0,2,0,0,2,0,0,2,0,0
006888,2,0,0,1,0,1,1,0,1,1,0,1
006894,2,0,0,2,0,0,2,0,0,2,0,0
006895,2,0,0,2,1,0,2,0,0,2,1,0
006897,2,0,0,2,0,0,2,0,0,2,0,0
006901,2,0,0,2,0,0,2,0,0,2,0,0
006926,2,0,0,2,0,0,2,1,0,2,0,0
006927,2,0,0,2,1,0,2,0,0,2,1,0
006937,2,0,0,1,2,1,1,3,1,1,2,1
006951,2,0,0,2,0,0,2,0,0,2,0,0
006973,2,0,0,2,0,0,2,0,0,2,0,0
006975,2,0,0,2,0,0,2,0,0,2,0,0
007085,2,0,0,2,0,0,2,0,0,2,0,0
007098,2,0,0,1,1,1,2,0,0,1,1,1
007127,2,0,0,2,0,0,2,1,0,2,0,0
007142,2,0,0,2,0,0,2,0,0,2,0,0
007195,2,0,0,2,0,0,2,0,0,2,0,0
007206,2,0,0,2,0,0,2,0,0,2,0,0
007235,2,0,0,2,0,0,2,0,0,2,0,0
007252,2,0,0,2,0,0,2,0,0,2,0,0
007264,2,0,0,2,0,0,2,1,0,2,0,0
007268,2,0,0,1,1,1,1,0,1,1,1,1
007303,2,0,0,2,0,0,2,0,0,2,0,0
007307,2,0,0,2,0,0,2,1,0,2,0,0
007310,2,0,0,2,0,0,2,0,0,2,0,0
007317,2,0,0,1,2,1,1,1,1,1,2,1
007328,2,0,0,1,0,1,1,0,1,1,0,1
007333,2,0,0,2,0,0,2,0,0,2,0,0
007345,2,0,0,2,0,0,2,0,0,2,0,0
007357,2,0,0,2,0,0,2,0,0,2,0,0
007362,2,0,0,2,1,0,2,2,0,2,1,0
007371,2,0,0,2,0,0,2,0,0,2,0,0
007384,2,0,0,1,1,1,1,1,1,1,1,1
007392,2,0,0,2,0,0,2,0,0,2,0,0
007409,2,0,0,2,0,0,2,0,0,2,0,0
007412,2,0,0,2,0,0,1,0,1,2,0,0
007478,2,0,0,2,0,0,2,0,0,2,0,0
007485,2,0,0,2,1,0,2,0,0,2,1,0
007499,2,0,0,1,0,1,1,0,1,1,0,1
007500,2,0,0,2,0,0,2,0,0,2,0,0
007509,2,0,0,2,0,0,2,0,0,2,0,0
007515,2,0,0,2,0,0,2,0,0,2,0,0
007520,2,0,0,1,0,1,1,0,1,1,0,1
007534,2,0,0,2,0,0,2,0,0,2,0,0
007562,2,0,0,2,0,0,2,0,0,2,0,0
007580,2,0,0,1,0,1,2,0,0,1,0,1
007581,2,0,0,1,1,1,2,0,0,1,1,1
007587,2,0,0,0,1,2,0,1,2,0,1,2
007599,2,0,0,2,0,0,2,0,0,2,0,0
007616,2,0,0,2,0,0,2,0,0,2,0,0
007617,2,0,0,2,0,0,2,0,0,2,0,0
007623,2,0,0,2,0,0,2,0,0,2,0,0
007627,2,0,0,2,0,0,2,0,0,2,0,0
007636,2,0,0,2,0,0,2,0,0,2,0,0
007643,2,0,0,1,0,1,1,0,1,1,0,1
007646,2,0,0,2,0,0,2,0,0,2,0,0
007695,2,0,0,2,0,0,2,0,0,2,0,0
007725,2,0,0,2,0,0,2,0,0,2,0,0
007734,2,0,0,2,0,0,2,0,0,2,0,0
007750,2,0,0,2,0,0,2,0,0,2,0,0
007756,2,0,0,2,1,0,2,1,0,2,1,0
007766,2,0,0,2,0,0,2,1,0,2,0,0
007778,2,0,0,1,0,1,1,0,1,1,0,1
007807,2,0,0,1,0,1,1,0,1,1,0,1
007817,2,0,0,2,0,0,2,0,0,2,0,0
007828,2,0,0,2,0,0,2,0,0,2,0,0
007837,2,0,0,1,0,1,1,0,1,1,0,1
007860,2,0,0,2,0,0,2,0,0,2,0,0
007874,2,0,0,2,0,0,2,0,0,2,0,0
007912,2,0,0,2,0,0,2,0,0,2,0,0
007918,2,0,0,1,0,1,1,0,1,1,0,1
007951,2,0,0,2,0,0,2,0,0,2,0,0
007962,2,0,0,1,2,1,1,2,1,1,2,1
007966,2,0,0,2,0,0,2,0,0,2,0,0
007978,2,0,0,2,0,0,2,0,0,2,0,0
007983,2,0,0,2,1,0,2,0,0,2,1,0
007985,2,0,0,2,0,0,2,0,0,2,0,0
007993,2,0,0,1,0,1,1,0,1,1,0,1
008003,2,0,0,2,0,0,2,0,0,2,0,0
008018,2,0,0,2,0,0,2,1,0,2,0,0
008028,2,0,0,1,1,1,1,0,1,1,1,1
008052,2,0,0,1,0,1,1,0,1,1,0,1
008059,2,0,0,2,0,0,2,0,0,2,0,0
008088,2,0,0,2,0,0,2,0,0,2,0,0
008089,2,0,0,1,0,1,1,0,1,1,0,1
008102,2,0,0,2,0,0,2,0,0,2,0,0
008109,2,0,0,2,0,0,2,0,0,2,0,0
008114,2,0,0,2,0,0,2,0,0,2,0,0
008118,2,0,0,2,0,0,2,0,0,2,0,0
008124,2,0,0,2,0,0,2,0,0,2,0,0
008128,2,0,0,2,0,0,2,0,0,2,0,0
008131,2,0,0,2,0,0,2,0,0,2,0,0
008147,2,0,0,2,0,0,2,0,0,2,0,0
008167,2,0,0,2,0,0,1,2,1,2,0,0
008172,2,0,0,2,1,0,2,0,0,2,1,0
008183,2,0,0,2,0,0,2,0,0,2,0,0
008195,2,0,0,2,2,0,2,2,0,2,2,0
008205,2,0,0,2,0,0,2,0,0,2,0,0
008212,2,0,0,1,0,1,2,2,0,1,0,1
008238,2,0,0,2,4,0,2,2,0,2,4,0
008239,2,0,0,2,1,0,2,1,0,2,1,0
008240,2,0,0,2,0,0,2,0,0,2,0,0
008255,2,0,0,2,0,0,2,0,0,2,0,0
008256,2,0,0,2,0,0,2,0,0,2,0,0
008257,2,0,0,2,1,0,2,1,0,2,1,0
008267,2,0,0,2,0,0,2,0,0,2,0,0
008303,2,0,0,2,0,0,2,0,0,2,0,0
008314,2,0,0,2,0,0,2,0,0,2,0,0
008331,2,0,0,2,0,0,2,0,0,2,0,0
008354,2,0,0,2,0,0,2,0,0,2,0,0
008377,2,0,0,2,0,0,2,1,0,2,0,0
008399,2,0,0,2,0,0,2,0,0,2,0,0
008441,2,0,0,2,0,0,2,0,0,2,0,0
008451,2,0,0,2,0,0,2,0,0,2,0,0
008469,2,0,0,2,0,0,2,0,0,2,0,0
008474,2,0,0,2,2,0,2,1,0,2,2,0
008491,2,0,0,2,0,0,1,1,1,2,0,0
008527,2,0,0,2,4,0,2,5,0,2,4,0
008543,2,0,0,2,2,0,2,1,0,2,2,0
008545,2,0,0,2,0,0,2,0,0,2,0,0
008554,2,0,0,1,0,1,2,0,0,1,0,1
008561,2,0,0,2,0,0,2,1,0,2,0,0
008563,2,0,0,1,0,1,1,0,1,1,0,1
008566,2,0,0,2,0,0,2,1,0,2,0,0
008574,2,0,0,2,0,0,2,0,0,2,0,0
008577,2,0,0,2,0,0,2,0,0,2,0,0
008597,2,0,0,2,0,0,2,0,0,2,0,0
008603,2,0,0,2,0,0,2,0,0,2,0,0
008642,2,0,0,2,0,0,2,0,0,2,0,0
008648,2,0,0,2,0,0,2,0,0,2,0,0
008673,2,0,0,2,0,0,2,0,0,2,0,0
008678,2,0,0,2,1,0,2,0,0,2,1,0
008681,2,0,0,2,1,0,2,0,0,2,1,0
008700,2,0,0,1,2,1,1,2,1,1,2,1
008800,2,0,0,2,0,0,2,0,0,2,0,0
008802,2,0,0,2,0,0,2,0,0,2,0,0
008804,2,0,0,2,0,0,2,0,0,2,0,0
008812,2,0,0,2,0,0,2,0,0,2,0,0
008818,2,0,0,2,1,0,0,1,2,2,1,0
008821,2,0,0,1,2,1,2,2,0,1,2,1
008827,2,0,0,2,0,0,2,0,0,2,0,0
008844,2,0,0,2,3,0,2,1,0,2,3,0
008845,2,0,0,2,0,0,2,0,0,2,0,0
008846,2,0,0,2,0,0,2,0,0,2,0,0
008882,2,0,0,2,0,0,2,0,0,2,0,0
008899,2,0,0,2,0,0,2,0,0,2,0,0
008903,2,0,0,1,0,1,1,0,1,1,0,1
008907,2,0,0,1,1,1,2,0,0,1,1,1
008974,2,0,0,2,1,0,2,0,0,2,1,0
008984,2,0,0,2,0,0,2,0,0,2,0,0
008993,2,0,0,2,0,0,2,0,0,2,0,0
008994,2,0,0,2,0,0,2,0,0,2,0,0
009010,2,0,0,2,2,0,2,2,0,2,2,0
009028,2,0,0,2,0,0,2,0,0,2,0,0
009031,2,0,0,2,0,0,2,0,0,2,0,0
009041,2,0,0,2,0,0,2,0,0,2,0,0
009050,2,0,0,2,5,0,2,3,0,2,5,0
009052,2,0,0,2,0,0,2,0,0,2,0,0
009067,2,0,0,2,1,0,2,0,0,2,1,0
009074,2,0,0,1,1,1,1,1,1,1,1,1
009095,2,0,0,1,1,1,1,1,1,1,1,1
009115,2,0,0,1,2,1,2,1,0,1,2,1
009124,2,0,0,2,0,0,2,0,0,2,0,0
009130,2,0,0,2,0,0,2,0,0,2,0,0
009134,2,0,0,1,0,1,1,0,1,1,0,1
009152,2,0,0,2,0,0,2,0,0,2,0,0
009201,2,0,0,2,0,0,2,0,0,2,0,0
009216,2,0,0,2,0,0,2,0,0,2,0,0
009222,2,0,0,2,0,0,1,0,1,2,0,0
009228,2,0,0,1,0,1,1,0,1,1,0,1
009253,2,0,0,2,0,0,2,0,0,2,0,0
009258,2,0,0,2,0,0,2,0,0,2,0,0
009277,2,0,0,2,0,0,2,0,0,2,0,0
009292,2,0,0,2,1,0,2,1,0,2,1,0
009294,2,0,0,1,1,1,2,0,0,1,1,1
009300,2,0,0,2,0,0,2,0,0,2,0,0
009302,2,0,0,2,0,0,2,0,0,2,0,0
009313,2,0,0,2,0,0,2,0,0,2,0,0
009317,2,0,0,2,2,0,2,2,0,2,2,0
009332,2,0,0,2,2,0,2,2,0,2,2,0
009346,2,0,0,2,0,0,2,0,0,2,0,0
009357,2,0,0,2,0,0,2,0,0,2,0,0
009363,2,0,0,2,0,0,2,0,0,2,0,0
009369,2,0,0,2,0,0,2,0,0,2,0,0
009370,2,0,0,2,0,0,2,0,0,2,0,0
009380,2,0,0,1,1,1,2,0,0,1,1,1
009381,2,0,0,2,0,0,2,0,0,2,0,0
009387,2,0,0,2,2,0,2,2,0,2,2,0
009397,2,0,0,2,1,0,2,1,0,2,1,0
009404,2,0,0,2,0,0,2,0,0,2,0,0
009416,2,0,0,1,0,1,1,1,1,1,0,1
009435,2,0,0,2,0,0,2,0,0,2,0,0
009436,2,0,0,2,0,0,2,0,0,2,0,0
009441,2,0,0,2,0,0,2,0,0,2,0,0
009478,2,0,0,2,1,0,1,0,1,2,1,0
009493,2,0,0,2,0,0,2,0,0,2,0,0
009505,2,0,0,2,0,0,2,0,0,2,0,0
009525,2,0,0,2,0,0,2,0,0,2,0,0
009535,2,0,0,2,0,0,2,0,0,2,0,0
009536,2,0,0,2,0,0,2,0,0,2,0,0
009593,2,0,0,2,0,0,2,0,0,2,0,0
009657,2,0,0,2,0,0,2,0,0,2,0,0
009673,2,0,0,2,0,0,2,0,0,2,0,0
009688,2,0,0,2,0,0,2,0,0,2,0,0
009696,2,0,0,1,1,1,1,1,1,1,1,1
009722,2,0,0,1,1,1,1,2,1,1,1,1
009728,2,0,0,2,1,0,2,1,0,2,1,0
009739,2,0,0,1,1,1,1,2,1,1,1,1
009766,2,0,0,2,2,0,2,3,0,2,2,0
009771,2,0,0,2,1,0,2,1,0,2,1,0
009803,2,0,0,2,0,0,2,0,0,2,0,0
009812,2,0,0,1,0,1,1,0,1,1,0,1
009853,2,0,0,2,4,0,2,2,0,2,4,0
009857,2,0,0,1,0,1,1,0,1,1,0,1
009875,2,0,0,2,0,0,2,0,0,2,0,0
009890,2,0,0,2,1,0,2,0,0,2,1,0
009893,2,0,0,2,0,0,2,0,0,2,0,0
009909,2,0,0,2,0,0,2,0,0,2,0,0
009937,2,0,0,0,2,2,0,1,2,0,2,2
009957,2,0,0,2,0,0,2,0,0,2,0,0
000002,1,0,0,1,0,0,1,0,0,1,0,0
000011,1,0,0,1,2,0,1,0,0,1,2,0
000013,1,0,0,1,0,0,1,0,0,1,0,0
000018,1,0,0,1,0,0,1,0,0,1,0,0
000027,1,0,0,1,0,0,1,0,0,1,0,0
000028,1,0,0,1,0,0,1,0,0,1,0,0
000029,1,0,0,1,0,0,1,0,0,1,0,0
000031,1,0,0,1,0,0,1,0,0,1,0,0
000037,1,0,0,1,0,0,1,0,0,1,0,0
000040,1,0,0,1,0,0,1,0,0,1,0,0
000045,1,0,0,1,1,0,1,1,0,1,1,0
000049,1,0,0,1,0,0,1,0,0,1,0,0
000054,1,0,0,1,0,0,1,0,0,1,0,0
000056,1,0,0,1,0,0,1,0,0,1,0,0
000057,1,0,0,1,0,0,1,0,0,1,0,0
000062,1,0,0,1,0,0,1,0,0,1,0,0
000067,1,0,0,1,0,0,1,0,0,1,0,0
000071,1,0,0,1,0,0,1,0,0,1,0,0
000075,1,0,0,1,0,0,1,0,0,1,0,0
000079,1,0,0,1,0,0,1,0,0,1,0,0
000086,1,0,0,1,2,0,1,2,0,1,2,0
000087,1,0,0,0,0,1,0,0,1,0,0,1
000088,1,0,0,1,0,0,1,0,0,1,0,0
000092,1,0,0,1,0,0,1,0,0,1,0,0
000098,1,0,0,1,0,0,1,0,0,1,0,0
000100,1,0,0,1,0,0,1,0,0,1,0,0
000114,1,0,0,1,0,0,1,0,0,1,0,0
000115,1,0,0,1,0,0,1,0,0,1,0,0
000119,1,0,0,1,0,0,1,0,0,1,0,0
000135,1,0,0,1,0,0,1,0,0,1,0,0
000137,1,0,0,1,1,0,1,1,0,1,1,0
000145,1,0,0,1,0,0,1,1,0,1,0,0
000148,1,0,0,1,0,0,1,0,0,1,0,0
000149,1,0,0,1,0,0,1,0,0,1,0,0
000167,1,0,0,1,0,0,1,0,0,1,0,0
000172,1,0,0,1,0,0,1,0,0,1,0,0
000175,1,0,0,1,1,0,1,1,0,1,1,0
000183,1,0,0,1,0,0,1,0,0,1,0,0
000186,1,0,0,1,0,0,1,0,0,1,0,0
000195,1,0,0,1,0,0,1,0,0,1,0,0
000197,1,0,0,1,0,0,1,0,0,1,0,0
000199,1,0,0,1,0,0,1,0,0,1,0,0
000204,1,0,0,1,1,0,1,1,0,1,1,0
000216,1,0,0,1,0,0,1,0,0,1,0,0
000223,1,0,0,1,1,0,1,1,0,1,1,0
000243,1,0,0,1,0,0,1,0,0,1,0,0
000255,1,0,0,1,0,0,1,0,0,1,0,0
000273,1,0,0,1,0,0,1,0,0,1,0,0
000274,1,0,0,1,0,0,1,0,0,1,0,0
000277,1,0,0,1,0,0,1,0,0,1,0,0
000281,1,0,0,1,0,0,1,0,0,1,0,0
000284,1,0,0,1,1,0,1,2,0,1,1,0
000292,1,0,0,1,0,0,1,0,0,1,0,0
000300,1,0,0,1,0,0,1,0,0,1,0,0
000309,1,0,0,1,0,0,1,0,0,1,0,0
000316,1,0,0,1,0,0,1,0,0,1,0,0
000324,1,0,0,1,0,0,1,0,0,1,0,0
000333,1,0,0,0,2,1,0,2,1,0,2,1
000342,1,0,0,1,1,0,1,1,0,1,1,0
000362,1,0,0,1,0,0,1,1,0,1,0,0
000365,1,0,0,1,0,0,1,0,0,1,0,0
000368,1,0,0,1,0,0,1,0,0,1,0,0
000371,1,0,0,0,1,1,1,2,0,0,1,1
000376,1,0,0,1,0,0,1,0,0,1,0,0
000384,1,0,0,1,0,0,1,0,0,1,0,0
000390,1,0,0,1,0,0,1,0,0,1,0,0
000398,1,0,0,1,0,0,1,2,0,1,0,0
000399,1,0,0,1,0,0,1,0,0,1,0,0
000402,1,0,0,1,1,0,1,1,0,1,1,0
000405,1,0,0,1,0,0,1,0,0,1,0,0
000415,1,0,0,1,0,0,1,0,0,1,0,0
000418,1,0,0,1,0,0,1,0,0,1,0,0
000425,1,0,0,1,0,0,1,0,0,1,0,0
000426,1,0,0,1,0,0,1,0,0,1,0,0
000436,1,0,0,1,0,0,1,0,0,1,0,0
000440,1,0,0,1,0,0,1,0,0,1,0,0
000441,1,0,0,1,0,0,1,0,0,1,0,0
000442,1,0,0,1,0,0,1,0,0,1,0,0
000451,1,0,0,1,0,0,1,0,0,1,0,0
000457,1,0,0,1,0,0,1,0,0,1,0,0
000465,1,0,0,1,0,0,1,0,0,1,0,0
000471,1,0,0,1,0,0,1,0,0,1,0,0
000472,1,0,0,1,0,0,1,0,0,1,0,0
000478,1,0,0,1,0,0,1,0,0,1,0,0
000479,1,0,0,1,2,0,1,1,0,1,2,0
000488,1,0,0,1,0,0,1,0,0,1,0,0
000495,1,0,0,1,0,0,1,0,0,1,0,0
000502,1,0,0,1,0,0,1,0,0,1,0,0
000511,1,0,0,1,0,0,1,0,0,1,0,0
000512,1,0,0,1,0,0,1,0,0,1,0,0
000521,1,0,0,1,0,0,1,0,0,1,0,0
000534,1,0,0,1,0,0,1,0,0,1,0,0
000538,1,0,0,1,3,0,1,2,0,1,3,0
000539,1,0,0,1,1,0,1,1,0,1,1,0
000542,1,0,0,1,0,0,1,0,0,1,0,0
000548,1,0,0,1,0,0,1,0,0,1,0,0
000553,1,0,0,1,0,0,1,0,0,1,0,0
000556,1,0,0,1,0,0,1,0,0,1,0,0
000557,1,0,0,1,1,0,1,0,0,1,1,0
000560,1,0,0,1,0,0,1,0,0,1,0,0
000566,1,0,0,1,1,0,1,0,0,1,1,0
000568,1,0,0,1,0,0,1,0,0,1,0,0
000569,1,0,0,1,0,0,1,0,0,1,0,0
000576,1,0,0,1,0,0,1,0,0,1,0,0
000580,1,0,0,1,0,0,1,0,0,1,0,0
000584,1,0,0,1,1,0,1,1,0,1,1,0
000585,1,0,0,1,2,0,1,2,0,1,2,0
000600,1,0,0,0,2,1,0,1,1,0,2,1
000603,1,0,0,1,1,0,1,0,0,1,1,0
000614,1,0,0,1,0,0,1,0,0,1,0,0
000627,1,0,0,1,0,0,1,0,0,1,0,0
000636,1,0,0,1,1,0,1,1,0,1,1,0
000638,1,0,0,1,0,0,1,0,0,1,0,0
000639,1,0,0,1,0,0,1,0,0,1,0,0
000640,1,0,0,1,0,0,1,0,0,1,0,0
000651,1,0,0,1,1,0,0,1,1,1,1,0
000658,1,0,0,1,3,0,1,2,0,1,3,0
000664,1,0,0,1,0,0,1,0,0,1,0,0
000665,1,0,0,1,0,0,1,0,0,1,0,0
000668,1,0,0,1,0,0,1,0,0,1,0,0
000674,1,0,0,1,0,0,1,0,0,1,0,0
000679,1,0,0,1,0,0,1,0,0,1,0,0
000681,1,0,0,1,0,0,1,0,0,1,0,0
000701,1,0,0,1,0,0,1,0,0,1,0,0
000703,1,0,0,1,0,0,1,0,0,1,0,0
000708,1,0,0,1,2,0,1,1,0,1,2,0
000716,1,0,0,1,0,0,1,0,0,1,0,0
000721,1,0,0,1,0,0,1,0,0,1,0,0
000722,1,0,0,0,1,1,0,1,1,0,1,1
000724,1,0,0,1,0,0,1,0,0,1,0,0
000732,1,0,0,1,0,0,1,0,0,1,0,0
000736,1,0,0,1,0,0,1,0,0,1,0,0
000747,1,0,0,1,0,0,1,0,0,1,0,0
000751,1,0,0,1,0,0,1,0,0,1,0,0
000757,1,0,0,1,2,0,1,1,0,1,2,0
000759,1,0,0,1,1,0,1,2,0,1,1,0
000775,1,0,0,1,0,0,1,0,0,1,0,0
000778,1,0,0,1,0,0,1,0,0,1,0,0
000779,1,0,0,1,0,0,1,0,0,1,0,0
000785,1,0,0,0,1,1,0,1,1,0,1,1
000790,1,0,0,1,1,0,1,1,0,1,1,0
000801,1,0,0,1,0,0,1,0,0,1,0,0
000803,1,0,0,1,0,0,1,0,0,1,0,0
000807,1,0,0,1,0,0,1,0,0,1,0,0
000811,1,0,0,1,0,0,1,0,0,1,0,0
000813,1,0,0,1,0,0,1,0,0,1,0,0
000817,1,0,0,1,0,0,1,0,0,1,0,0
000821,1,0,0,1,1,0,1,0,0,1,1,0
000824,1,0,0,1,0,0,1,0,0,1,0,0
000837,1,0,0,1,0,0,1,0,0,1,0,0
000838,1,0,0,1,0,0,1,0,0,1,0,0
000841,1,0,0,1,0,0,1,0,0,1,0,0
000844,1,0,0,1,0,0,1,0,0,1,0,0
000861,1,0,0,1,0,0,1,1,0,1,0,0
000864,1,0,0,1,0,0,1,0,0,1,0,0
000869,1,0,0,1,0,0,1,0,0,1,0,0
000877,1,0,0,1,0,0,1,0,0,1,0,0
000881,1,0,0,1,0,0,1,0,0,1,0,0
000884,1,0,0,1,0,0,1,0,0,1,0,0
000909,1,0,0,1,0,0,1,0,0,1,0,0
000914,1,0,0,1,0,0,1,0,0,1,0,0
000932,1,0,0,1,0,0,1,0,0,1,0,0
000939,1,0,0,1,0,0,1,0,0,1,0,0
000941,1,0,0,1,0,0,1,0,0,1,0,0
000944,1,0,0,1,0,0,1,0,0,1,0,0
000945,1,0,0,1,0,0,1,0,0,1,0,0
000955,1,0,0,1,0,0,1,0,0,1,0,0
000957,1,0,0,0,0,1,0,0,1,0,0,1
000963,1,0,0,1,0,0,1,1,0,1,0,0
000968,1,0,0,1,0,0,1,0,0,1,0,0
000976,1,0,0,1,0,0,1,0,0,1,0,0
000981,1,0,0,1,0,0,1,0,0,1,0,0
000985,1,0,0,1,0,0,1,0,0,1,0,0
000988,1,0,0,1,0,0,1,0,0,1,0,0
000998,1,0,0,1,0,0,1,0,0,1,0,0
001003,1,0,0,1,0,0,1,0,0,1,0,0
001005,1,0,0,1,0,0,1,0,0,1,0,0
001007,1,0,0,1,1,0,1,0,0,1,1,0
001013,1,0,0,1,2,0,1,2,0,1,2,0
001016,1,0,0,1,0,0,1,0,0,1,0,0
001019,1,0,0,1,0,0,1,0,0,1,0,0
001022,1,0,0,1,0,0,1,0,0,1,0,0
001029,1,0,0,1,0,0,1,0,0,1,0,0
001032,1,0,0,1,0,0,1,0,0,1,0,0
001034,1,0,0,1,0,0,1,0,0,1,0,0
001038,1,0,0,1,0,0,1,0,0,1,0,0
001046,1,0,0,1,0,0,1,0,0,1,0,0
001048,1,0,0,1,0,0,1,1,0,1,0,0
001049,1,0,0,1,0,0,1,0,0,1,0,0
001054,1,0,0,1,0,0,1,0,0,1,0,0
001058,1,0,0,1,0,0,1,0,0,1,0,0
001059,1,0,0,1,0,0,1,1,0,1,0,0
001087,1,0,0,1,2,0,1,1,0,1,2,0
001088,1,0,0,1,0,0,1,0,0,1,0,0
001089,1,0,0,1,0,0,1,0,0,1,0,0
001090,1,0,0,1,0,0,1,0,0,1,0,0
001098,1,0,0,1,0,0,1,0,0,1,0,0
001103,1,0,0,0,1,1,1,0,0,0,1,1
001114,1,0,0,1,0,0,1,0,0,1,0,0
001116,1,0,0,1,0,0,1,0,0,1,0,0
001117,1,0,0,1,0,0,1,0,0,1,0,0
001122,1,0,0,1,1,0,1,1,0,1,1,0
001123,1,0,0,1,0,0,1,0,0,1,0,0
001126,1,0,0,1,0,0,1,0,0,1,0,0
001131,1,0,0,1,0,0,1,0,0,1,0,0
001132,1,0,0,1,0,0,1,0,0,1,0,0
001135,1,0,0,1,0,0,1,1,0,1,0,0
001146,1,0,0,0,1,1,0,1,1,0,1,1
001153,1,0,0,1,0,0,1,0,0,1,0,0
001162,1,0,0,1,2,0,1,1,0,1,2,0
001178,1,0,0,1,0,0,1,0,0,1,0,0
001181,1,0,0,1,0,0,1,0,0,1,0,0
001193,1,0,0,1,0,0,1,0,0,1,0,0
001195,1,0,0,1,0,0,1,0,0,1,0,0
001196,1,0,0,1,0,0,1,0,0,1,0,0
001197,1,0,0,1,0,0,1,0,0,1,0,0
001213,1,0,0,1,0,0,1,0,0,1,0,0
001218,1,0,0,1,0,0,1,0,0,1,0,0
001223,1,0,0,1,0,0,1,0,0,1,0,0
001232,1,0,0,1,0,0,1,0,0,1,0,0
001242,1,0,0,1,1,0,1,1,0,1,1,0
001249,1,0,0,1,2,0,1,1,0,1,2,0
001252,1,0,0,1,0,0,1,0,0,1,0,0
001257,1,0,0,1,0,0,1,0,0,1,0,0
001262,1,0,0,1,0,0,1,0,0,1,0,0
001264,1,0,0,1,0,0,1,0,0,1,0,0
001278,1,0,0,1,0,0,1,0,0,1,0,0
001280,1,0,0,1,0,0,1,0,0,1,0,0
001283,1,0,0,1,0,0,1,0,0,1,0,0
001291,1,0,0,1,0,0,1,0,0,1,0,0
001295,1,0,0,1,0,0,1,0,0,1,0,0
001300,1,0,0,1,0,0,1,0,0,1,0,0
001305,1,0,0,1,0,0,1,0,0,1,0,0
001306,1,0,0,1,0,0,1,0,0,1,0,0
001313,1,0,0,0,1,1,0,1,1,0,1,1
001317,1,0,0,1,0,0,1,0,0,1,0,0
001318,1,0,0,1,1,0,1,1,0,1,1,0
001321,1,0,0,1,0,0,1,0,0,1,0,0
001322,1,0,0,1,0,0,1,0,0,1,0,0
001328,1,0,0,1,1,0,1,1,0,1,1,0
001335,1,0,0,1,2,0,1,2,0,1,2,0
001339,1,0,0,1,0,0,1,0,0,1,0,0
001355,1,0,0,1,2,0,1,2,0,1,2,0
001356,1,0,0,1,2,0,1,3,0,1,2,0
001368,1,0,0,1,1,0,1,1,0,1,1,0
001373,1,0,0,1,0,0,1,0,0,1,0,0
001374,1,0,0,1,0,0,1,0,0,1,0,0
001379,1,0,0,1,0,0,1,0,0,1,0,0
001380,1,0,0,1,1,0,1,0,0,1,1,0
001381,1,0,0,1,0,0,1,0,0,1,0,0
001389,1,0,0,1,0,0,1,0,0,1,0,0
001398,1,0,0,1,0,0,1,0,0,1,0,0
001401,1,0,0,1,0,0,1,0,0,1,0,0
001415,1,0,0,0,0,1,1,0,0,0,0,1
001422,1,0,0,1,0,0,1,0,0,1,0,0
001423,1,0,0,1,0,0,1,0,0,1,0,0
001425,1,0,0,1,1,0,1,0,0,1,1,0
001440,1,0,0,1,0,0,1,0,0,1,0,0
001458,1,0,0,1,0,0,1,0,0,1,0,0
001461,1,0,0,1,0,0,1,0,0,1,0,0
001471,1,0,0,1,0,0,1,2,0,1,0,0
001478,1,0,0,1,0,0,1,0,0,1,0,0
001495,1,0,0,1,0,0,1,0,0,1,0,0
001503,1,0,0,0,1,1,1,1,0,0,1,1
001507,1,0,0,1,0,0,1,0,0,1,0,0
001519,1,0,0,1,1,0,1,1,0,1,1,0
001520,1,0,0,1,0,0,1,0,0,1,0,0
001525,1,0,0,1,0,0,1,0,0,1,0,0
001530,1,0,0,1,0,0,1,0,0,1,0,0
001535,1,0,0,1,0,0,1,0,0,1,0,0
001542,1,0,0,1,0,0,1,1,0,1,0,0
001546,1,0,0,1,1,0,1,2,0,1,1,0
001547,1,0,0,1,0,0,1,0,0,1,0,0
001550,1,0,0,1,1,0,1,1,0,1,1,0
001560,1,0,0,1,1,0,1,1,0,1,1,0
001562,1,0,0,1,0,0,1,0,0,1,0,0
001567,1,0,0,1,0,0,1,0,0,1,0,0
001568,1,0,0,1,0,0,1,0,0,1,0,0
001570,1,0,0,1,0,0,1,0,0,1,0,0
001573,1,0,0,1,0,0,1,0,0,1,0,0
001574,1,0,0,1,0,0,1,1,0,1,0,0
001587,1,0,0,1,0,0,1,0,0,1,0,0
001591,1,0,0,1,0,0,1,0,0,1,0,0
001596,1,0,0,1,0,0,1,0,0,1,0,0
001601,1,0,0,1,0,0,1,0,0,1,0,0
001621,1,0,0,1,0,0,1,0,0,1,0,0
001626,1,0,0,1,1,0,1,1,0,1,1,0
001634,1,0,0,1,2,0,1,0,0,1,2,0
001637,1,0,0,1,0,0,1,0,0,1,0,0
001645,1,0,0,1,0,0,1,0,0,1,0,0
001655,1,0,0,1,0,0,1,0,0,1,0,0
001659,1,0,0,1,0,0,1,0,0,1,0,0
001660,1,0,0,1,0,0,1,0,0,1,0,0
001663,1,0,0,1,0,0,1,0,0,1,0,0
001664,1,0,0,1,0,0,1,0,0,1,0,0
001667,1,0,0,1,0,0,1,0,0,1,0,0
001672,1,0,0,1,0,0,1,0,0,1,0,0
001674,1,0,0,1,9,0,1,4,0,1,9,0
001679,1,0,0,1,0,0,1,1,0,1,0,0
001694,1,0,0,1,0,0,1,0,0,1,0,0
001695,1,0,0,1,0,0,1,0,0,1,0,0
001700,1,0,0,1,0,0,1,0,0,1,0,0
001704,1,0,0,1,0,0,1,0,0,1,0,0
001716,1,0,0,1,7,0,1,7,0,1,7,0
001719,1,0,0,1,0,0,1,0,0,1,0,0
001736,1,0,0,1,0,0,1,0,0,1,0,0
001737,1,0,0,1,0,0,1,0,0,1,0,0
001740,1,0,0,1,1,0,1,1,0,1,1,0
001744,1,0,0,1,0,0,1,0,0,1,0,0
001767,1,0,0,1,1,0,1,1,0,1,1,0
001774,1,0,0,1,0,0,1,0,0,1,0,0
001788,1,0,0,1,0,0,1,0,0,1,0,0
001790,1,0,0,1,0,0,1,0,0,1,0,0
001791,1,0,0,1,0,0,1,0,0,1,0,0
001796,1,0,0,1,0,0,1,0,0,1,0,0
001803,1,0,0,1,0,0,1,0,0,1,0,0
001804,1,0,0,1,1,0,1,1,0,1,1,0
001814,1,0,0,1,0,0,1,1,0,1,0,0
001817,1,0,0,1,1,0,1,0,0,1,1,0
001820,1,0,0,1,0,0,1,0,0,1,0,0
001829,1,0,0,1,1,0,1,3,0,1,1,0
001835,1,0,0,1,0,0,1,0,0,1,0,0
001838,1,0,0,1,0,0,1,0,0,1,0,0
001844,1,0,0,1,0,0,1,0,0,1,0,0
001846,1,0,0,1,0,0,1,0,0,1,0,0
001848,1,0,0,1,0,0,1,0,0,1,0,0
001859,1,0,0,1,0,0,1,0,0,1,0,0
001863,1,0,0,1,0,0,1,0,0,1,0,0
001865,1,0,0,1,1,0,1,1,0,1,1,0
001869,1,0,0,1,0,0,1,0,0,1,0,0
001871,1,0,0,1,2,0,1,2,0,1,2,0
001873,1,0,0,1,0,0,1,0,0,1,0,0
001874,1,0,0,1,0,0,1,0,0,1,0,0
001876,1,0,0,1,0,0,1,0,0,1,0,0
001885,1,0,0,1,0,0,1,1,0,1,0,0
001886,1,0,0,1,1,0,1,1,0,1,1,0
001890,1,0,0,1,0,0,1,0,0,1,0,0
001897,1,0,0,1,1,0,1,4,0,1,1,0
001900,1,0,0,1,0,0,1,0,0,1,0,0
001908,1,0,0,1,0,0,1,0,0,1,0,0
001909,1,0,0,1,0,0,1,0,0,1,0,0
001912,1,0,0,1,0,0,1,0,0,1,0,0
001913,1,0,0,1,2,0,1,2,0,1,2,0
001919,1,0,0,1,0,0,1,0,0,1,0,0
001929,1,0,0,1,0,0,1,0,0,1,0,0
001943,1,0,0,1,0,0,1,0,0,1,0,0
001946,1,0,0,1,0,0,1,0,0,1,0,0
001951,1,0,0,1,0,0,1,0,0,1,0,0
001956,1,0,0,1,0,0,1,0,0,1,0,0
001957,1,0,0,0,0,1,0,1,1,0,0,1
001959,1,0,0,1,0,0,1,0,0,1,0,0
001968,1,0,0,0,2,1,0,1,1,0,2,1
001983,1,0,0,1,0,0,1,0,0,1,0,0
001986,1,0,0,1,0,0,1,0,0,1,0,0
001987,1,0,0,1,0,0,1,0,0,1,0,0
001994,1,0,0,1,0,0,1,0,0,1,0,0
001997,1,0,0,1,0,0,1,0,0,1,0,0
002003,1,0,0,1,0,0,1,0,0,1,0,0
002014,1,0,0,1,0,0,1,0,0,1,0,0
002016,1,0,0,1,1,0,1,1,0,1,1,0
002017,1,0,0,1,0,0,1,0,0,1,0,0
002028,1,0,0,1,1,0,1,1,0,1,1,0
002029,1,0,0,1,0,0,1,0,0,1,0,0
002032,1,0,0,1,1,0,1,0,0,1,1,0
002044,1,0,0,1,0,0,1,0,0,1,0,0
002048,1,0,0,1,0,0,1,0,0,1,0,0
002052,1,0,0,1,0,0,1,0,0,1,0,0
002053,1,0,0,1,0,0,1,0,0,1,0,0
002057,1,0,0,1,0,0,1,0,0,1,0,0
002076,1,0,0,1,0,0,1,0,0,1,0,0
002077,1,0,0,1,0,0,1,1,0,1,0,0
002078,1,0,0,1,0,0,1,0,0,1,0,0
002080,1,0,0,1,0,0,1,0,0,1,0,0
002084,1,0,0,1,0,0,1,0,0,1,0,0
002085,1,0,0,1,0,0,1,0,0,1,0,0
002089,1,0,0,1,0,0,1,0,0,1,0,0
002097,1,0,0,1,0,0,1,0,0,1,0,0
002103,1,0,0,1,0,0,1,0,0,1,0,0
002106,1,0,0,1,0,0,1,0,0,1,0,0
002107,1,0,0,1,0,0,1,0,0,1,0,0
002113,1,0,0,1,0,0,1,0,0,1,0,0
002122,1,0,0,1,0,0,1,0,0,1,0,0
002131,1,0,0,1,0,0,1,0,0,1,0,0
002138,1,0,0,1,0,0,1,1,0,1,0,0
002143,1,0,0,1,0,0,1,1,0,1,0,0
002147,1,0,0,1,0,0,1,0,0,1,0,0
002148,1,0,0,1,0,0,1,0,0,1,0,0
002149,1,0,0,1,0,0,1,0,0,1,0,0
002157,1,0,0,1,0,0,1,0,0,1,0,0
002162,1,0,0,1,0,0,1,0,0,1,0,0
002173,1,0,0,1,0,0,1,0,0,1,0,0
002175,1,0,0,0,2,1,0,2,1,0,2,1
002188,1,0,0,1,1,0,1,0,0,1,1,0
002198,1,0,0,1,0,0,1,0,0,1,0,0
002200,1,0,0,1,0,0,1,0,0,1,0,0
002205,1,0,0,1,0,0,1,0,0,1,0,0
002206,1,0,0,1,0,0,1,0,0,1,0,0
002222,1,0,0,1,0,0,1,0,0,1,0,0
002236,1,0,0,1,0,0,1,0,0,1,0,0
002243,1,0,0,1,0,0,1,1,0,1,0,0
002258,1,0,0,1,0,0,1,0,0,1,0,0
002275,1,0,0,1,0,0,1,0,0,1,0,0
002282,1,0,0,1,0,0,1,0,0,1,0,0
002289,1,0,0,1,0,0,1,0,0,1,0,0
002292,1,0,0,1,0,0,1,0,0,1,0,0
002295,1,0,0,1,0,0,1,0,0,1,0,0
002296,1,0,0,1,0,0,1,1,0,1,0,0
002299,1,0,0,1,1,0,1,0,0,1,1,0
002303,1,0,0,1,0,0,1,0,0,1,0,0
002304,1,0,0,1,0,0,1,0,0,1,0,0
002309,1,0,0,1,0,0,1,0,0,1,0,0
002312,1,0,0,1,0,0,1,0,0,1,0,0
002313,1,0,0,1,0,0,1,0,0,1,0,0
002316,1,0,0,1,0,0,1,0,0,1,0,0
002319,1,0,0,1,2,0,1,1,0,1,2,0
002327,1,0,0,1,0,0,1,0,0,1,0,0
002344,1,0,0,1,0,0,1,0,0,1,0,0
002346,1,0,0,1,0,0,1,0,0,1,0,0
002380,1,0,0,1,0,0,1,0,0,1,0,0
002386,1,0,0,1,0,0,1,1,0,1,0,0
002388,1,0,0,1,0,0,1,0,0,1,0,0
002390,1,0,0,1,1,0,1,1,0,1,1,0
002395,1,0,0,1,0,0,1,1,0,1,0,0
002400,1,0,0,1,0,0,1,0,0,1,0,0
002406,1,0,0,1,0,0,1,0,0,1,0,0
002418,1,0,0,1,0,0,1,0,0,1,0,0
002424,1,0,0,1,1,0,1,1,0,1,1,0
002431,1,0,0,1,0,0,1,0,0,1,0,0
002432,1,0,0,1,1,0,1,1,0,1,1,0
002434,1,0,0,1,0,0,1,0,0,1,0,0
002440,1,0,0,1,0,0,1,0,0,1,0,0
002447,1,0,0,1,0,0,1,0,0,1,0,0
002457,1,0,0,1,2,0,1,0,0,1,2,0
002473,1,0,0,1,0,0,1,0,0,1,0,0
002489,1,0,0,1,1,0,1,0,0,1,1,0
002495,1,0,0,1,0,0,1,0,0,1,0,0
002509,1,0,0,1,0,0,1,0,0,1,0,0
002515,1,0,0,1,0,0,1,1,0,1,0,0
002517,1,0,0,1,0,0,1,0,0,1,0,0
002521,1,0,0,1,0,0,1,0,0,1,0,0
002522,1,0,0,1,0,0,1,0,0,1,0,0
002526,1,0,0,1,0,0,1,1,0,1,0,0
002527,1,0,0,1,0,0,1,0,0,1,0,0
002528,1,0,0,1,0,0,1,0,0,1,0,0
002535,1,0,0,1,1,0,1,0,0,1,1,0
002550,1,0,0,1,0,0,1,0,0,1,0,0
002553,1,0,0,1,0,0,1,0,0,1,0,0
002556,1,0,0,1,0,0,1,0,0,1,0,0
002576,1,0,0,1,0,0,1,0,0,1,0,0
002577,1,0,0,1,0,0,1,0,0,1,0,0
002608,1,0,0,1,0,0,1,0,0,1,0,0
002616,1,0,0,1,0,0,1,0,0,1,0,0
002640,1,0,0,1,0,0,1,0,0,1,0,0
002642,1,0,0,1,0,0,1,0,0,1,0,0
002651,1,0,0,1,0,0,1,0,0,1,0,0
002661,1,0,0,1,0,0,1,0,0,1,0,0
002665,1,0,0,1,1,0,1,1,0,1,1,0
002672,1,0,0,1,1,0,1,0,0,1,1,0
002673,1,0,0,1,0,0,1,1,0,1,0,0
002681,1,0,0,1,0,0,1,0,0,1,0,0
002688,1,0,0,1,0,0,1,0,0,1,0,0
002700,1,0,0,1,1,0,1,1,0,1,1,0
002707,1,0,0,1,0,0,1,0,0,1,0,0
002720,1,0,0,1,0,0,1,0,0,1,0,0
002725,1,0,0,1,0,0,1,0,0,1,0,0
002733,1,0,0,1,0,0,1,0,0,1,0,0
002736,1,0,0,1,0,0,1,0,0,1,0,0
002742,1,0,0,1,0,0,1,0,0,1,0,0
002746,1,0,0,1,0,0,1,0,0,1,0,0
002748,1,0,0,0,2,1,0,2,1,0,2,1
002754,1,0,0,1,0,0,1,0,0,1,0,0
002761,1,0,0,1,0,0,1,0,0,1,0,0
002769,1,0,0,1,0,0,1,0,0,1,0,0
002771,1,0,0,1,0,0,1,0,0,1,0,0
002799,1,0,0,1,3,0,1,1,0,1,3,0
002814,1,0,0,1,0,0,1,0,0,1,0,0
002822,1,0,0,1,0,0,1,0,0,1,0,0
002824,1,0,0,1,0,0,1,0,0,1,0,0
002825,1,0,0,1,0,0,1,0,0,1,0,0
002828,1,0,0,1,0,0,1,0,0,1,0,0
002829,1,0,0,1,0,0,1,0,0,1,0,0
002839,1,0,0,1,0,0,1,0,0,1,0,0
002840,1,0,0,1,0,0,1,0,0,1,0,0
002849,1,0,0,1,0,0,1,1,0,1,0,0
002851,1,0,0,1,0,0,1,0,0,1,0,0
002853,1,0,0,1,0,0,1,0,0,1,0,0
002861,1,0,0,1,0,0,1,0,0,1,0,0
002871,1,0,0,1,0,0,1,0,0,1,0,0
002876,1,0,0,1,0,0,1,0,0,1,0,0
002877,1,0,0,1,1,0,1,1,0,1,1,0
002883,1,0,0,1,0,0,1,0,0,1,0,0
002894,1,0,0,1,0,0,1,0,0,1,0,0
002898,1,0,0,1,0,0,1,0,0,1,0,0
002900,1,0,0,1,0,0,1,0,0,1,0,0
002903,1,0,0,1,0,0,1,0,0,1,0,0
002908,1,0,0,1,0,0,1,0,0,1,0,0
002923,1,0,0,1,0,0,1,0,0,1,0,0
002928,1,0,0,0,0,1,0,0,1,0,0,1
002929,1,0,0,1,0,0,1,0,0,1,0,0
002936,1,0,0,1,0,0,1,0,0,1,0,0
002948,1,0,0,1,1,0,1,1,0,1,1,0
002949,1,0,0,1,1,0,1,1,0,1,1,0
002955,1,0,0,1,2,0,1,2,0,1,2,0
002959,1,0,0,1,0,0,1,0,0,1,0,0
002961,1,0,0,1,0,0,1,0,0,1,0,0
002968,1,0,0,1,0,0,1,0,0,1,0,0
002970,1,0,0,1,0,0,1,0,0,1,0,0
002973,1,0,0,1,0,0,1,0,0,1,0,0
002979,1,0,0,1,0,0,1,0,0,1,0,0
002980,1,0,0,1,1,0,1,0,0,1,1,0
002985,1,0,0,1,0,0,1,0,0,1,0,0
002991,1,0,0,1,0,0,1,0,0,1,0,0
002997,1,0,0,1,0,0,1,0,0,1,0,0
002998,1,0,0,1,1,0,1,1,0,1,1,0
003001,1,0,0,0,1,1,0,1,1,0,1,1
003030,1,0,0,1,1,0,1,0,0,1,1,0
003033,1,0,0,1,0,0,1,0,0,1,0,0
003035,1,0,0,1,0,0,1,0,0,1,0,0
003037,1,0,0,1,0,0,1,0,0,1,0,0
003046,1,0,0,1,0,0,1,0,0,1,0,0
003048,1,0,0,1,2,0,1,1,0,1,2,0
003055,1,0,0,1,0,0,1,0,0,1,0,0
003059,1,0,0,1,0,0,1,0,0,1,0,0
003060,1,0,0,1,0,0,1,0,0,1,0,0
003068,1,0,0,1,0,0,1,1,0,1,0,0
003069,1,0,0,1,0,0,1,0,0,1,0,0
003071,1,0,0,1,0,0,1,0,0,1,0,0
003096,1,0,0,1,0,0,1,0,0,1,0,0
003109,1,0,0,1,0,0,1,0,0,1,0,0
003114,1,0,0,1,0,0,1,1,0,1,0,0
003119,1,0,0,1,0,0,1,0,0,1,0,0
003125,1,0,0,1,0,0,1,0,0,1,0,0
003131,1,0,0,1,0,0,1,0,0,1,0,0
003136,1,0,0,1,0,0,1,0,0,1,0,0
003143,1,0,0,1,0,0,1,0,0,1,0,0
003156,1,0,0,1,0,0,1,0,0,1,0,0
003166,1,0,0,1,0,0,1,0,0,1,0,0
003168,1,0,0,1,0,0,1,0,0,1,0,0
003171,1,0,0,1,0,0,1,0,0,1,0,0
003174,1,0,0,1,2,0,1,0,0,1,2,0
003180,1,0,0,1,0,0,1,0,0,1,0,0
003191,1,0,0,1,0,0,1,0,0,1,0,0
003197,1,0,0,1,3,0,1,0,0,1,3,0
003203,1,0,0,1,0,0,1,0,0,1,0,0
003208,1,0,0,1,0,0,1,0,0,1,0,0
003212,1,0,0,1,0,0,1,0,0,1,0,0
003226,1,0,0,1,0,0,1,1,0,1,0,0
003227,1,0,0,1,0,0,1,0,0,1,0,0
003230,1,0,0,1,0,0,1,0,0,1,0,0
003238,1,0,0,1,0,0,1,0,0,1,0,0
003246,1,0,0,1,0,0,1,0,0,1,0,0
003248,1,0,0,1,0,0,1,0,0,1,0,0
003263,1,0,0,1,0,0,1,0,0,1,0,0
003266,1,0,0,1,1,0,1,0,0,1,1,0
003275,1,0,0,1,0,0,1,0,0,1,0,0
003277,1,0,0,1,1,0,1,0,0,1,1,0
003286,1,0,0,1,0,0,1,0,0,1,0,0
003287,1,0,0,1,0,0,1,0,0,1,0,0
003288,1,0,0,1,0,0,1,2,0,1,0,0
003298,1,0,0,1,0,0,1,0,0,1,0,0
003302,1,0,0,1,0,0,1,0,0,1,0,0
003306,1,0,0,1,0,0,1,0,0,1,0,0
003310,1,0,0,1,0,0,1,0,0,1,0,0
003312,1,0,0,1,0,0,1,0,0,1,0,0
003318,1,0,0,1,0,0,1,0,0,1,0,0
003329,1,0,0,1,0,0,1,0,0,1,0,0
003342,1,0,0,1,1,0,1,0,0,1,1,0
003353,1,0,0,1,0,0,1,0,0,1,0,0
003358,1,0,0,1,0,0,1,0,0,1,0,0
003361,1,0,0,1,0,0,0,1,1,1,0,0
003364,1,0,0,1,0,0,1,0,0,1,0,0
003375,1,0,0,1,0,0,1,0,0,1,0,0
003381,1,0,0,1,0,0,1,0,0,1,0,0
003387,1,0,0,1,0,0,1,0,0,1,0,0
003393,1,0,0,1,0,0,1,0,0,1,0,0
003394,1,0,0,1,1,0,1,1,0,1,1,0
003400,1,0,0,1,0,0,1,0,0,1,0,0
003405,1,0,0,1,0,0,1,0,0,1,0,0
003411,1,0,0,0,1,1,1,0,0,0,1,1
003426,1,0,0,1,0,0,1,0,0,1,0,0
003428,1,0,0,1,0,0,1,0,0,1,0,0
003437,1,0,0,1,0,0,1,0,0,1,0,0
003440,1,0,0,1,0,0,1,0,0,1,0,0
003454,1,0,0,1,1,0,1,3,0,1,1,0
003456,1,0,0,1,0,0,1,0,0,1,0,0
003457,1,0,0,1,0,0,1,0,0,1,0,0
003460,1,0,0,1,1,0,1,0,0,1,1,0
003467,1,0,0,1,0,0,1,0,0,1,0,0
003476,1,0,0,1,2,0,1,2,0,1,2,0
003478,1,0,0,1,0,0,1,1,0,1,0,0
003480,1,0,0,1,0,0,1,0,0,1,0,0
003495,1,0,0,0,0,1,1,1,0,0,0,1
003504,1,0,0,1,1,0,1,1,0,1,1,0
003513,1,0,0,1,0,0,1,0,0,1,0,0
003523,1,0,0,1,0,0,1,0,0,1,0,0
003526,1,0,0,1,2,0,1,2,0,1,2,0
003532,1,0,0,0,3,1,0,3,1,0,3,1
003535,1,0,0,1,0,0,1,0,0,1,0,0
003544,1,0,0,1,2,0,1,0,0,1,2,0
003545,1,0,0,1,0,0,1,0,0,1,0,0
003547,1,0,0,1,0,0,1,0,0,1,0,0
003552,1,0,0,1,0,0,1,0,0,1,0,0
003559,1,0,0,1,0,0,1,0,0,1,0,0
003560,1,0,0,1,0,0,1,0,0,1,0,0
003561,1,0,0,1,0,0,1,0,0,1,0,0
003568,1,0,0,1,0,0,1,1,0,1,0,0
003569,1,0,0,0,1,1,0,1,1,0,1,1
003570,1,0,0,1,0,0,1,0,0,1,0,0
003571,1,0,0,1,0,0,1,0,0,1,0,0
003574,1,0,0,1,0,0,1,0,0,1,0,0
003591,1,0,0,1,0,0,1,0,0,1,0,0
003601,1,0,0,1,0,0,1,0,0,1,0,0
003607,1,0,0,1,0,0,1,0,0,1,0,0
003610,1,0,0,1,0,0,1,0,0,1,0,0
003615,1,0,0,1,0,0,1,0,0,1,0,0
003616,1,0,0,1,2,0,1,0,0,1,2,0
003630,1,0,0,1,0,0,1,0,0,1,0,0
003637,1,0,0,1,0,0,1,2,0,1,0,0
003659,1,0,0,1,0,0,1,0,0,1,0,0
003661,1,0,0,1,0,0,1,1,0,1,0,0
003666,1,0,0,1,0,0,1,0,0,1,0,0
003668,1,0,0,1,0,0,1,0,0,1,0,0
003672,1,0,0,1,1,0,1,1,0,1,1,0
003683,1,0,0,1,0,0,1,0,0,1,0,0
003686,1,0,0,1,1,0,1,0,0,1,1,0
003687,1,0,0,1,2,0,1,1,0,1,2,0
003702,1,0,0,1,0,0,1,0,0,1,0,0
003710,1,0,0,1,0,0,1,0,0,1,0,0
003712,1,0,0,1,0,0,1,0,0,1,0,0
003715,1,0,0,1,2,0,1,3,0,1,2,0
003716,1,0,0,1,0,0,1,0,0,1,0,0
003718,1,0,0,1,0,0,1,0,0,1,0,0
003719,1,0,0,1,0,0,1,0,0,1,0,0
003724,1,0,0,1,0,0,1,0,0,1,0,0
003726,1,0,0,1,0,0,1,0,0,1,0,0
003741,1,0,0,1,0,0,1,0,0,1,0,0
003744,1,0,0,1,0,0,1,0,0,1,0,0
003745,1,0,0,1,0,0,1,0,0,1,0,0
003770,1,0,0,1,2,0,1,1,0,1,2,0
003777,1,0,0,1,1,0,1,1,0,1,1,0
003782,1,0,0,1,0,0,1,0,0,1,0,0
003785,1,0,0,1,0,0,1,0,0,1,0,0
003789,1,0,0,1,0,0,1,0,0,1,0,0
003800,1,0,0,1,0,0,1,0,0,1,0,0
003801,1,0,0,1,1,0,1,0,0,1,1,0
003802,1,0,0,1,0,0,1,1,0,1,0,0
003804,1,0,0,1,0,0,1,0,0,1,0,0
003805,1,0,0,1,1,0,1,0,0,1,1,0
003813,1,0,0,1,0,0,1,0,0,1,0,0
003822,1,0,0,1,0,0,1,0,0,1,0,0
003823,1,0,0,1,0,0,1,0,0,1,0,0
003832,1,0,0,1,0,0,1,0,0,1,0,0
003836,1,0,0,0,1,1,0,0,1,0,1,1
003840,1,0,0,1,1,0,1,1,0,1,1,0
003842,1,0,0,1,0,0,1,0,0,1,0,0
003843,1,0,0,1,0,0,1,0,0,1,0,0
003850,1,0,0,1,0,0,1,0,0,1,0,0
003852,1,0,0,1,1,0,1,1,0,1,1,0
003862,1,0,0,1,0,0,1,0,0,1,0,0
003864,1,0,0,1,0,0,1,0,0,1,0,0
003873,1,0,0,1,0,0,1,0,0,1,0,0
003878,1,0,0,1,0,0,1,0,0,1,0,0
003883,1,0,0,1,0,0,1,0,0,1,0,0
003888,1,0,0,1,0,0,1,0,0,1,0,0
003893,1,0,0,1,0,0,1,0,0,1,0,0
003894,1,0,0,1,4,0,1,5,0,1,4,0
003901,1,0,0,1,0,0,1,0,0,1,0,0
003908,1,0,0,1,0,0,1,0,0,1,0,0
003916,1,0,0,1,0,0,1,0,0,1,0,0
003917,1,0,0,1,0,0,1,0,0,1,0,0
003925,1,0,0,1,0,0,1,0,0,1,0,0
003927,1,0,0,1,0,0,1,0,0,1,0,0
003928,1,0,0,1,0,0,1,0,0,1,0,0
003931,1,0,0,0,0,1,0,0,1,0,0,1
003933,1,0,0,1,0,0,1,0,0,1,0,0
003938,1,0,0,1,0,0,1,0,0,1,0,0
003962,1,0,0,1,0,0,1,0,0,1,0,0
003964,1,0,0,1,0,0,1,0,0,1,0,0
003975,1,0,0,0,1,1,1,0,0,0,1,1
003977,1,0,0,1,0,0,1,0,0,1,0,0
003980,1,0,0,1,0,0,1,0,0,1,0,0
003985,1,0,0,1,0,0,1,0,0,1,0,0
004007,1,0,0,1,0,0,1,0,0,1,0,0
004018,1,0,0,1,0,0,1,0,0,1,0,0
004036,1,0,0,1,0,0,1,0,0,1,0,0
004048,1,0,0,1,0,0,1,0,0,1,0,0
004050,1,0,0,1,0,0,1,0,0,1,0,0
004061,1,0,0,1,0,0,1,0,0,1,0,0
004062,1,0,0,1,0,0,1,0,0,1,0,0
004071,1,0,0,1,0,0,1,0,0,1,0,0
004078,1,0,0,1,0,0,1,0,0,1,0,0
004079,1,0,0,1,0,0,1,0,0,1,0,0
004080,1,0,0,1,0,0,1,0,0,1,0,0
004088,1,0,0,1,0,0,1,0,0,1,0,0
004096,1,0,0,1,0,0,1,0,0,1,0,0
004097,1,0,0,1,1,0,1,1,0,1,1,0
004107,1,0,0,1,0,0,1,0,0,1,0,0
004114,1,0,0,1,1,0,1,1,0,1,1,0
004115,1,0,0,1,0,0,1,0,0,1,0,0
004123,1,0,0,1,1,0,1,1,0,1,1,0
004147,1,0,0,1,0,0,1,0,0,1,0,0
004151,1,0,0,1,1,0,1,0,0,1,1,0
004153,1,0,0,1,0,0,1,0,0,1,0,0
004157,1,0,0,1,0,0,1,0,0,1,0,0
004159,1,0,0,1,0,0,1,0,0,1,0,0
004161,1,0,0,1,0,0,1,0,0,1,0,0
004165,1,0,0,1,0,0,1,0,0,1,0,0
004175,1,0,0,1,0,0,1,0,0,1,0,0
004176,1,0,0,1,0,0,1,0,0,1,0,0
004182,1,0,0,1,0,0,1,0,0,1,0,0
004184,1,0,0,0,2,1,1,2,0,0,2,1
004197,1,0,0,1,0,0,1,1,0,1,0,0
004199,1,0,0,1,0,0,1,0,0,1,0,0
004206,1,0,0,1,0,0,1,0,0,1,0,0
004210,1,0,0,1,1,0,1,0,0,1,1,0
004216,1,0,0,1,0,0,1,0,0,1,0,0
004217,1,0,0,1,0,0,1,0,0,1,0,0
004235,1,0,0,1,0,0,1,0,0,1,0,0
004251,1,0,0,1,0,0,1,0,0,1,0,0
004261,1,0,0,1,0,0,1,0,0,1,0,0
004262,1,0,0,1,0,0,1,0,0,1,0,0
004267,1,0,0,1,0,0,1,0,0,1,0,0
004282,1,0,0,1,0,0,1,0,0,1,0,0
004313,1,0,0,1,0,0,1,0,0,1,0,0
004314,1,0,0,1,0,0,1,0,0,1,0,0
004320,1,0,0,1,1,0,1,1,0,1,1,0
004328,1,0,0,1,0,0,1,0,0,1,0,0
004334,1,0,0,1,1,0,1,0,0,1,1,0
004335,1,0,0,1,0,0,1,0,0,1,0,0
004343,1,0,0,1,0,0,1,0,0,1,0,0
004350,1,0,0,1,0,0,1,0,0,1,0,0
004353,1,0,0,1,0,0,1,0,0,1,0,0
004358,1,0,0,1,0,0,0,0,1,1,0,0
004374,1,0,0,1,0,0,1,0,0,1,0,0
004388,1,0,0,1,0,0,1,0,0,1,0,0
004393,1,0,0,0,1,1,0,2,1,0,1,1
004394,1,0,0,1,0,0,1,0,0,1,0,0
004398,1,0,0,1,0,0,1,0,0,1,0,0
004400,1,0,0,1,0,0,1,1,0,1,0,0
004401,1,0,0,1,0,0,1,0,0,1,0,0
004402,1,0,0,1,0,0,1,1,0,1,0,0
004403,1,0,0,1,0,0,1,0,0,1,0,0
004407,1,0,0,1,0,0,1,0,0,1,0,0
004412,1,0,0,1,1,0,1,1,0,1,1,0
004413,1,0,0,1,0,0,1,0,0,1,0,0
004415,1,0,0,1,0,0,1,0,0,1,0,0
004416,1,0,0,1,0,0,1,0,0,1,0,0
004425,1,0,0,1,0,0,1,0,0,1,0,0
004444,1,0,0,1,0,0,1,0,0,1,0,0
004454,1,0,0,1,0,0,1,0,0,1,0,0
004458,1,0,0,1,0,0,1,0,0,1,0,0
004460,1,0,0,1,0,0,1,0,0,1,0,0
004461,1,0,0,1,0,0,1,0,0,1,0,0
004467,1,0,0,1,1,0,1,1,0,1,1,0
004472,1,0,0,1,0,0,1,0,0,1,0,0
004473,1,0,0,1,1,0,1,0,0,1,1,0
004503,1,0,0,1,0,0,1,0,0,1,0,0
004504,1,0,0,1,1,0,1,0,0,1,1,0
004505,1,0,0,1,0,0,1,1,0,1,0,0
004513,1,0,0,0,1,1,1,0,0,0,1,1
004522,1,0,0,1,0,0,1,0,0,1,0,0
004529,1,0,0,1,0,0,1,0,0,1,0,0
004533,1,0,0,1,0,0,1,0,0,1,0,0
004550,1,0,0,1,0,0,1,0,0,1,0,0
004554,1,0,0,1,0,0,1,0,0,1,0,0
004556,1,0,0,1,0,0,1,1,0,1,0,0
004557,1,0,0,1,0,0,1,0,0,1,0,0
004568,1,0,0,1,1,0,1,1,0,1,1,0
004572,1,0,0,1,0,0,1,0,0,1,0,0
004578,1,0,0,1,1,0,1,2,0,1,1,0
004586,1,0,0,1,0,0,1,0,0,1,0,0
004602,1,0,0,1,0,0,1,0,0,1,0,0
004603,1,0,0,1,0,0,1,0,0,1,0,0
004608,1,0,0,1,0,0,1,0,0,1,0,0
004614,1,0,0,1,1,0,1,1,0,1,1,0
004615,1,0,0,1,1,0,1,1,0,1,1,0
004616,1,0,0,0,1,1,1,1,0,0,1,1
004619,1,0,0,1,0,0,1,0,0,1,0,0
004621,1,0,0,1,0,0,1,0,0,1,0,0
004624,1,0,0,1,1,0,1,0,0,1,1,0
004633,1,0,0,0,1,1,0,0,1,0,1,1
004638,1,0,0,1,0,0,1,0,0,1,0,0
004645,1,0,0,1,0,0,1,0,0,1,0,0
004658,1,0,0,1,0,0,1,0,0,1,0,0
004659,1,0,0,1,1,0,1,0,0,1,1,0
004663,1,0,0,1,0,0,1,0,0,1,0,0
004664,1,0,0,1,0,0,1,0,0,1,0,0
004680,1,0,0,1,0,0,1,0,0,1,0,0
004681,1,0,0,1,0,0,1,0,0,1,0,0
004688,1,0,0,1,0,0,1,0,0,1,0,0
004695,1,0,0,0,2,1,0,2,1,0,2,1
004704,1,0,0,1,1,0,1,0,0,1,1,0
004713,1,0,0,1,0,0,1,0,0,1,0,0
004724,1,0,0,1,0,0,1,0,0,1,0,0
004728,1,0,0,0,0,1,1,0,0,0,0,1
004730,1,0,0,1,0,0,1,0,0,1,0,0
004733,1,0,0,1,1,0,1,0,0,1,1,0
004734,1,0,0,1,0,0,1,0,0,1,0,0
004751,1,0,0,1,0,0,1,0,0,1,0,0
004752,1,0,0,1,0,0,1,0,0,1,0,0
004755,1,0,0,1,1,0,1,0,0,1,1,0
004758,1,0,0,1,0,0,1,0,0,1,0,0
004759,1,0,0,1,0,0,1,0,0,1,0,0
004767,1,0,0,1,1,0,1,1,0,1,1,0
004774,1,0,0,1,0,0,1,0,0,1,0,0
004787,1,0,0,1,0,0,1,0,0,1,0,0
004795,1,0,0,1,0,0,1,0,0,1,0,0
004798,1,0,0,0,1,1,0,1,1,0,1,1
004806,1,0,0,1,0,0,1,0,0,1,0,0
004809,1,0,0,1,0,0,1,0,0,1,0,0
004820,1,0,0,1,0,0,1,0,0,1,0,0
004821,1,0,0,1,0,0,1,0,0,1,0,0
004829,1,0,0,1,0,0,1,0,0,1,0,0
004833,1,0,0,1,0,0,1,0,0,1,0,0
004838,1,0,0,1,0,0,1,0,0,1,0,0
004845,1,0,0,1,0,0,1,0,0,1,0,0
004847,1,0,0,1,0,0,1,0,0,1,0,0
004853,1,0,0,1,0,0,1,0,0,1,0,0
004860,1,0,0,1,0,0,1,0,0,1,0,0
004865,1,0,0,1,0,0,1,0,0,1,0,0
004871,1,0,0,1,1,0,1,0,0,1,1,0
004883,1,0,0,1,0,0,0,1,1,1,0,0
004884,1,0,0,1,1,0,1,1,0,1,1,0
004891,1,0,0,1,0,0,1,0,0,1,0,0
004894,1,0,0,1,0,0,1,0,0,1,0,0
004901,1,0,0,1,0,0,1,0,0,1,0,0
004906,1,0,0,1,0,0,1,0,0,1,0,0
004908,1,0,0,1,1,0,1,2,0,1,1,0
004909,1,0,0,1,0,0,1,0,0,1,0,0
004914,1,0,0,1,0,0,1,0,0,1,0,0
004921,1,0,0,1,0,0,1,0,0,1,0,0
004940,1,0,0,1,0,0,1,0,0,1,0,0
004942,1,0,0,1,0,0,1,0,0,1,0,0
004952,1,0,0,1,0,0,1,0,0,1,0,0
004957,1,0,0,1,0,0,1,0,0,1,0,0
004969,1,0,0,1,0,0,1,0,0,1,0,0
004970,1,0,0,1,0,0,1,1,0,1,0,0
004975,1,0,0,1,0,0,1,0,0,1,0,0
004981,1,0,0,1,0,0,1,0,0,1,0,0
004988,1,0,0,1,0,0,1,0,0,1,0,0
004993,1,0,0,1,0,0,1,0,0,1,0,0
004996,1,0,0,1,0,0,1,0,0,1,0,0
005000,1,0,0,1,2,0,1,2,0,1,2,0
005008,1,0,0,1,0,0,1,0,0,1,0,0
005010,1,0,0,1,3,0,1,1,0,1,3,0
005013,1,0,0,1,0,0,1,0,0,1,0,0
005015,1,0,0,1,0,0,1,0,0,1,0,0
005021,1,0,0,1,0,0,1,0,0,1,0,0
005022,1,0,0,1,0,0,1,0,0,1,0,0
005030,1,0,0,1,1,0,1,1,0,1,1,0
005038,1,0,0,1,0,0,1,0,0,1,0,0
005043,1,0,0,1,0,0,1,0,0,1,0,0
005048,1,0,0,1,0,0,1,0,0,1,0,0
005066,1,0,0,1,1,0,1,1,0,1,1,0
005070,1,0,0,1,0,0,1,0,0,1,0,0
005075,1,0,0,1,0,0,1,0,0,1,0,0
005076,1,0,0,1,0,0,1,0,0,1,0,0
005080,1,0,0,1,0,0,1,0,0,1,0,0
005083,1,0,0,1,0,0,1,0,0,1,0,0
005089,1,0,0,1,0,0,1,0,0,1,0,0
005099,1,0,0,1,0,0,1,0,0,1,0,0
005109,1,0,0,1,0,0,1,0,0,1,0,0
005115,1,0,0,1,1,0,1,1,0,1,1,0
005123,1,0,0,1,0,0,1,0,0,1,0,0
005126,1,0,0,1,0,0,1,0,0,1,0,0
005127,1,0,0,1,0,0,1,0,0,1,0,0
005142,1,0,0,1,0,0,1,0,0,1,0,0
005154,1,0,0,1,0,0,1,0,0,1,0,0
005155,1,0,0,1,0,0,1,0,0,1,0,0
005157,1,0,0,1,1,0,1,1,0,1,1,0
005158,1,0,0,1,0,0,1,0,0,1,0,0
005172,1,0,0,1,0,0,1,0,0,1,0,0
005178,1,0,0,1,0,0,1,0,0,1,0,0
005188,1,0,0,1,0,0,1,0,0,1,0,0
005198,1,0,0,1,0,0,1,0,0,1,0,0
005200,1,0,0,1,0,0,1,0,0,1,0,0
005201,1,0,0,1,0,0,1,0,0,1,0,0
005206,1,0,0,1,0,0,1,0,0,1,0,0
005207,1,0,0,1,0,0,1,0,0,1,0,0
005211,1,0,0,1,0,0,1,0,0,1,0,0
005216,1,0,0,1,0,0,1,0,0,1,0,0
005221,1,0,0,1,0,0,1,0,0,1,0,0
005227,1,0,0,1,0,0,1,0,0,1,0,0
005235,1,0,0,1,0,0,1,0,0,1,0,0
005238,1,0,0,1,0,0,1,0,0,1,0,0
005247,1,0,0,1,0,0,1,0,0,1,0,0
005249,1,0,0,1,0,0,1,0,0,1,0,0
005256,1,0,0,1,0,0,1,0,0,1,0,0
005265,1,0,0,1,0,0,1,0,0,1,0,0
005271,1,0,0,1,0,0,1,0,0,1,0,0
005275,1,0,0,1,0,0,1,0,0,1,0,0
005277,1,0,0,1,0,0,1,1,0,1,0,0
005279,1,0,0,1,0,0,1,0,0,1,0,0
005282,1,0,0,1,0,0,1,0,0,1,0,0
005300,1,0,0,1,0,0,1,0,0,1,0,0
005309,1,0,0,1,0,0,1,0,0,1,0,0
005317,1,0,0,1,0,0,1,0,0,1,0,0
005322,1,0,0,1,1,0,1,1,0,1,1,0
005330,1,0,0,1,0,0,1,0,0,1,0,0
005334,1,0,0,1,0,0,1,0,0,1,0,0
005341,1,0,0,1,0,0,1,0,0,1,0,0
005353,1,0,0,1,0,0,1,0,0,1,0,0
005359,1,0,0,1,0,0,1,1,0,1,0,0
005364,1,0,0,1,0,0,1,0,0,1,0,0
005372,1,0,0,1,0,0,1,0,0,1,0,0
005376,1,0,0,0,1,1,0,1,1,0,1,1
005381,1,0,0,1,0,0,1,0,0,1,0,0
005382,1,0,0,1,0,0,1,0,0,1,0,0
005386,1,0,0,1,0,0,1,0,0,1,0,0
005390,1,0,0,1,0,0,1,1,0,1,0,0
005394,1,0,0,1,0,0,1,0,0,1,0,0
005401,1,0,0,1,1,0,1,1,0,1,1,0
005403,1,0,0,1,0,0,1,0,0,1,0,0
005422,1,0,0,1,0,0,1,0,0,1,0,0
005426,1,0,0,1,0,0,1,0,0,1,0,0
005432,1,0,0,1,0,0,1,0,0,1,0,0
005435,1,0,0,1,0,0,1,0,0,1,0,0
005443,1,0,0,1,0,0,1,0,0,1,0,0
005444,1,0,0,1,0,0,1,0,0,1,0,0
005446,1,0,0,1,1,0,1,1,0,1,1,0
005449,1,0,0,1,0,0,1,0,0,1,0,0
005460,1,0,0,1,1,0,1,1,0,1,1,0
005462,1,0,0,1,0,0,1,0,0,1,0,0
005463,1,0,0,1,0,0,1,0,0,1,0,0
005476,1,0,0,1,0,0,1,0,0,1,0,0
005480,1,0,0,1,0,0,1,0,0,1,0,0
005493,1,0,0,1,0,0,1,0,0,1,0,0
005495,1,0,0,1,0,0,1,0,0,1,0,0
005501,1,0,0,1,0,0,1,0,0,1,0,0
005504,1,0,0,1,1,0,1,0,0,1,1,0
005516,1,0,0,1,1,0,1,1,0,1,1,0
005528,1,0,0,1,0,0,1,0,0,1,0,0
005529,1,0,0,1,0,0,1,0,0,1,0,0
005534,1,0,0,1,2,0,1,1,0,1,2,0
005537,1,0,0,1,0,0,1,0,0,1,0,0
005551,1,0,0,1,1,0,1,0,0,1,1,0
005557,1,0,0,1,0,0,1,0,0,1,0,0
005562,1,0,0,1,0,0,1,0,0,1,0,0
005564,1,0,0,1,0,0,1,0,0,1,0,0
005565,1,0,0,0,0,1,0,0,1,0,0,1
005572,1,0,0,1,0,0,1,0,0,1,0,0
005575,1,0,0,1,0,0,1,0,0,1,0,0
005594,1,0,0,1,0,0,1,0,0,1,0,0
005598,1,0,0,1,0,0,1,0,0,1,0,0
005607,1,0,0,1,0,0,1,0,0,1,0,0
005619,1,0,0,1,0,0,1,0,0,1,0,0
005626,1,0,0,1,1,0,1,1,0,1,1,0
005634,1,0,0,1,0,0,1,1,0,1,0,0
005642,1,0,0,1,0,0,1,0,0,1,0,0
005643,1,0,0,1,0,0,1,0,0,1,0,0
005649,1,0,0,1,0,0,1,0,0,1,0,0
005671,1,0,0,1,0,0,1,1,0,1,0,0
005681,1,0,0,1,0,0,1,0,0,1,0,0
005684,1,0,0,0,1,1,0,2,1,0,1,1
005689,1,0,0,1,0,0,1,0,0,1,0,0
005690,1,0,0,1,0,0,1,0,0,1,0,0
005691,1,0,0,1,0,0,1,0,0,1,0,0
005692,1,0,0,1,0,0,1,0,0,1,0,0
005694,1,0,0,1,0,0,1,0,0,1,0,0
005706,1,0,0,1,0,0,1,0,0,1,0,0
005707,1,0,0,1,1,0,1,3,0,1,1,0
005737,1,0,0,1,2,0,1,1,0,1,2,0
005751,1,0,0,1,0,0,1,0,0,1,0,0
005770,1,0,0,1,0,0,1,0,0,1,0,0
005787,1,0,0,1,0,0,1,0,0,1,0,0
005795,1,0,0,1,0,0,1,0,0,1,0,0
005801,1,0,0,1,0,0,1,1,0,1,0,0
005802,1,0,0,1,0,0,1,0,0,1,0,0
005807,1,0,0,1,1,0,1,1,0,1,1,0
005810,1,0,0,1,0,0,1,0,0,1,0,0
005820,1,0,0,1,0,0,1,0,0,1,0,0
005834,1,0,0,1,0,0,1,0,0,1,0,0
005837,1,0,0,1,0,0,1,0,0,1,0,0
005855,1,0,0,1,1,0,1,0,0,1,1,0
005872,1,0,0,1,0,0,1,1,0,1,0,0
005876,1,0,0,1,0,0,1,0,0,1,0,0
005886,1,0,0,1,0,0,1,0,0,1,0,0
005891,1,0,0,0,1,1,0,1,1,0,1,1
005896,1,0,0,1,0,0,1,0,0,1,0,0
005904,1,0,0,1,0,0,1,0,0,1,0,0
005913,1,0,0,1,1,0,1,0,0,1,1,0
005927,1,0,0,1,0,0,1,0,0,1,0,0
005929,1,0,0,1,0,0,1,0,0,1,0,0
005932,1,0,0,1,1,0,1,1,0,1,1,0
005949,1,0,0,1,0,0,1,0,0,1,0,0
005957,1,0,0,1,0,0,1,0,0,1,0,0
005962,1,0,0,1,0,0,1,0,0,1,0,0
005965,1,0,0,1,0,0,1,0,0,1,0,0
005974,1,0,0,1,0,0,1,0,0,1,0,0
005978,1,0,0,1,0,0,1,0,0,1,0,0
005986,1,0,0,1,0,0,1,0,0,1,0,0
005987,1,0,0,1,0,0,1,1,0,1,0,0
005999,1,0,0,1,1,0,1,0,0,1,1,0
006006,1,0,0,1,0,0,1,0,0,1,0,0
006007,1,0,0,1,0,0,1,0,0,1,0,0
006008,1,0,0,1,0,0,1,0,0,1,0,0
006021,1,0,0,1,0,0,1,0,0,1,0,0
006031,1,0,0,1,0,0,1,0,0,1,0,0
006034,1,0,0,1,0,0,1,0,0,1,0,0
006037,1,0,0,1,0,0,1,0,0,1,0,0
006039,1,0,0,1,0,0,1,0,0,1,0,0
006044,1,0,0,1,0,0,1,0,0,1,0,0
006053,1,0,0,1,0,0,1,0,0,1,0,0
006063,1,0,0,1,0,0,1,0,0,1,0,0
006064,1,0,0,1,0,0,1,0,0,1,0,0
006080,1,0,0,1,0,0,1,0,0,1,0,0
006087,1,0,0,1,1,0,1,1,0,1,1,0
006090,1,0,0,1,1,0,1,3,0,1,1,0
006099,1,0,0,1,0,0,1,0,0,1,0,0
006102,1,0,0,1,0,0,1,0,0,1,0,0
006109,1,0,0,1,0,0,1,0,0,1,0,0
006112,1,0,0,1,0,0,1,0,0,1,0,0
006114,1,0,0,1,0,0,1,0,0,1,0,0
006116,1,0,0,1,0,0,1,0,0,1,0,0
006127,1,0,0,1,0,0,1,0,0,1,0,0
006138,1,0,0,1,0,0,1,0,0,1,0,0
006149,1,0,0,1,0,0,1,1,0,1,0,0
006154,1,0,0,1,0,0,1,0,0,1,0,0
006160,1,0,0,1,0,0,1,0,0,1,0,0
006164,1,0,0,1,0,0,1,2,0,1,0,0
006186,1,0,0,1,0,0,1,0,0,1,0,0
006191,1,0,0,1,0,0,1,0,0,1,0,0
006194,1,0,0,1,0,0,1,0,0,1,0,0
006197,1,0,0,1,0,0,1,0,0,1,0,0
006204,1,0,0,1,1,0,1,0,0,1,1,0
006227,1,0,0,0,1,1,0,2,1,0,1,1
006228,1,0,0,1,1,0,1,1,0,1,1,0
006232,1,0,0,0,1,1,0,1,1,0,1,1
006244,1,0,0,1,0,0,1,0,0,1,0,0
006245,1,0,0,1,0,0,1,0,0,1,0,0
006246,1,0,0,1,0,0,1,0,0,1,0,0
006263,1,0,0,1,0,0,1,0,0,1,0,0
006265,1,0,0,1,0,0,1,0,0,1,0,0
006280,1,0,0,1,1,0,1,0,0,1,1,0
006293,1,0,0,1,2,0,1,0,0,1,2,0
006294,1,0,0,1,0,0,1,0,0,1,0,0
006298,1,0,0,1,0,0,1,0,0,1,0,0
006310,1,0,0,1,0,0,1,0,0,1,0,0
006315,1,0,0,0,1,1,0,1,1,0,1,1
006322,1,0,0,1,0,0,1,0,0,1,0,0
006328,1,0,0,1,0,0,1,0,0,1,0,0
006336,1,0,0,1,0,0,1,0,0,1,0,0
006342,1,0,0,1,0,0,1,0,0,1,0,0
006345,1,0,0,1,0,0,1,1,0,1,0,0
006356,1,0,0,1,0,0,1,0,0,1,0,0
006370,1,0,0,1,5,0,1,3,0,1,5,0
006372,1,0,0,1,0,0,1,0,0,1,0,0
006383,1,0,0,1,0,0,1,0,0,1,0,0
006388,1,0,0,1,0,0,1,0,0,1,0,0
006389,1,0,0,1,0,0,1,0,0,1,0,0
006394,1,0,0,1,0,0,1,0,0,1,0,0
006408,1,0,0,1,0,0,1,0,0,1,0,0
006412,1,0,0,1,0,0,1,0,0,1,0,0
006415,1,0,0,1,0,0,1,0,0,1,0,0
006416,1,0,0,1,0,0,1,0,0,1,0,0
006439,1,0,0,1,0,0,1,0,0,1,0,0
006454,1,0,0,1,0,0,1,0,0,1,0,0
006467,1,0,0,1,0,0,1,0,0,1,0,0
006479,1,0,0,1,1,0,1,1,0,1,1,0
006485,1,0,0,1,0,0,1,0,0,1,0,0
006494,1,0,0,1,0,0,1,0,0,1,0,0
006498,1,0,0,1,0,0,1,0,0,1,0,0
006502,1,0,0,1,1,0,1,0,0,1,1,0
006510,1,0,0,1,0,0,1,0,0,1,0,0
006513,1,0,0,1,0,0,1,0,0,1,0,0
006522,1,0,0,1,1,0,1,1,0,1,1,0
006525,1,0,0,1,0,0,1,0,0,1,0,0
006526,1,0,0,1,0,0,1,0,0,1,0,0
006533,1,0,0,1,0,0,1,0,0,1,0,0
006537,1,0,0,1,0,0,1,0,0,1,0,0
006558,1,0,0,1,0,0,1,0,0,1,0,0
006559,1,0,0,1,0,0,1,0,0,1,0,0
006568,1,0,0,1,0,0,1,0,0,1,0,0
006573,1,0,0,1,0,0,1,0,0,1,0,0
006579,1,0,0,1,0,0,1,2,0,1,0,0
006582,1,0,0,1,1,0,1,0,0,1,1,0
006589,1,0,0,1,0,0,1,0,0,1,0,0
006590,1,0,0,1,0,0,1,0,0,1,0,0
006598,1,0,0,1,0,0,1,0,0,1,0,0
006601,1,0,0,1,0,0,1,0,0,1,0,0
006607,1,0,0,1,1,0,1,0,0,1,1,0
006614,1,0,0,1,0,0,1,0,0,1,0,0
006615,1,0,0,1,0,0,1,0,0,1,0,0
006616,1,0,0,1,0,0,1,1,0,1,0,0
006634,1,0,0,1,0,0,1,0,0,1,0,0
006639,1,0,0,1,0,0,1,0,0,1,0,0
006641,1,0,0,1,0,0,1,0,0,1,0,0
006642,1,0,0,1,0,0,1,0,0,1,0,0
006649,1,0,0,1,1,0,0,1,1,1,1,0
006653,1,0,0,1,1,0,1,1,0,1,1,0
006655,1,0,0,1,0,0,1,0,0,1,0,0
006665,1,0,0,0,0,1,0,0,1,0,0,1
006675,1,0,0,1,0,0,1,0,0,1,0,0
006680,1,0,0,1,0,0,1,0,0,1,0,0
006683,1,0,0,1,0,0,1,0,0,1,0,0
006685,1,0,0,1,0,0,1,0,0,1,0,0
006692,1,0,0,1,0,0,1,0,0,1,0,0
006701,1,0,0,1,0,0,1,0,0,1,0,0
006711,1,0,0,0,1,1,0,1,1,0,1,1
006712,1,0,0,1,0,0,1,0,0,1,0,0
006715,1,0,0,1,0,0,1,0,0,1,0,0
006720,1,0,0,1,0,0,1,0,0,1,0,0
006723,1,0,0,1,0,0,1,0,0,1,0,0
006728,1,0,0,1,1,0,1,2,0,1,1,0
006729,1,0,0,1,0,0,1,0,0,1,0,0
006741,1,0,0,1,0,0,1,0,0,1,0,0
006749,1,0,0,1,0,0,1,0,0,1,0,0
006752,1,0,0,1,0,0,1,0,0,1,0,0
006754,1,0,0,1,0,0,1,0,0,1,0,0
006763,1,0,0,1,0,0,1,0,0,1,0,0
006770,1,0,0,0,3,1,1,3,0,0,3,1
006785,1,0,0,1,0,0,1,0,0,1,0,0
006788,1,0,0,1,1,0,1,1,0,1,1,0
006790,1,0,0,1,0,0,1,0,0,1,0,0
006801,1,0,0,1,0,0,1,0,0,1,0,0
006807,1,0,0,1,0,0,1,0,0,1,0,0
006809,1,0,0,1,1,0,1,1,0,1,1,0
006818,1,0,0,1,0,0,1,0,0,1,0,0
006820,1,0,0,1,0,0,1,0,0,1,0,0
006831,1,0,0,1,1,0,1,0,0,1,1,0
006832,1,0,0,1,0,0,1,0,0,1,0,0
006846,1,0,0,1,0,0,1,0,0,1,0,0
006853,1,0,0,1,0,0,1,0,0,1,0,0
006872,1,0,0,1,0,0,1,0,0,1,0,0
006881,1,0,0,1,0,0,1,0,0,1,0,0
006889,1,0,0,1,0,0,1,0,0,1,0,0
006890,1,0,0,1,0,0,1,0,0,1,0,0
006907,1,0,0,1,0,0,1,0,0,1,0,0
006913,1,0,0,1,0,0,1,0,0,1,0,0
006928,1,0,0,1,0,0,1,0,0,1,0,0
006929,1,0,0,1,0,0,1,0,0,1,0,0
006942,1,0,0,1,0,0,1,0,0,1,0,0
006946,1,0,0,1,0,0,1,0,0,1,0,0
006961,1,0,0,1,0,0,1,0,0,1,0,0
006967,1,0,0,1,0,0,1,0,0,1,0,0
006969,1,0,0,1,0,0,1,0,0,1,0,0
006970,1,0,0,1,1,0,1,0,0,1,1,0
006977,1,0,0,1,0,0,1,0,0,1,0,0
006978,1,0,0,1,0,0,1,0,0,1,0,0
006979,1,0,0,1,0,0,1,0,0,1,0,0
006980,1,0,0,1,0,0,1,0,0,1,0,0
006993,1,0,0,1,0,0,1,0,0,1,0,0
006996,1,0,0,1,0,0,1,0,0,1,0,0
006997,1,0,0,1,0,0,1,0,0,1,0,0
006998,1,0,0,1,0,0,1,0,0,1,0,0
006999,1,0,0,1,0,0,1,0,0,1,0,0
007001,1,0,0,1,0,0,1,0,0,1,0,0
007010,1,0,0,1,1,0,1,1,0,1,1,0
007013,1,0,0,1,0,0,1,0,0,1,0,0
007014,1,0,0,1,0,0,1,0,0,1,0,0
007015,1,0,0,1,0,0,1,0,0,1,0,0
007024,1,0,0,1,0,0,1,0,0,1,0,0
007027,1,0,0,1,0,0,1,0,0,1,0,0
007030,1,0,0,1,0,0,1,0,0,1,0,0
007037,1,0,0,1,0,0,1,0,0,1,0,0
007041,1,0,0,1,0,0,1,0,0,1,0,0
007061,1,0,0,1,0,0,1,0,0,1,0,0
007076,1,0,0,1,0,0,1,0,0,1,0,0
007087,1,0,0,1,0,0,1,0,0,1,0,0
007091,1,0,0,1,0,0,1,0,0,1,0,0
007094,1,0,0,1,0,0,1,0,0,1,0,0
007099,1,0,0,1,0,0,1,0,0,1,0,0
007102,1,0,0,1,0,0,1,0,0,1,0,0
007103,1,0,0,1,0,0,1,1,0,1,0,0
007107,1,0,0,1,0,0,1,0,0,1,0,0
007111,1,0,0,1,0,0,1,0,0,1,0,0
007115,1,0,0,1,0,0,1,0,0,1,0,0
007116,1,0,0,1,0,0,1,0,0,1,0,0
007119,1,0,0,1,0,0,1,0,0,1,0,0
007131,1,0,0,1,0,0,1,0,0,1,0,0
007135,1,0,0,1,0,0,1,0,0,1,0,0
007143,1,0,0,1,0,0,1,0,0,1,0,0
007145,1,0,0,1,0,0,1,0,0,1,0,0
007151,1,0,0,1,1,0,1,1,0,1,1,0
007155,1,0,0,1,0,0,1,0,0,1,0,0
007158,1,0,0,1,1,0,1,2,0,1,1,0
007160,1,0,0,1,0,0,1,0,0,1,0,0
007161,1,0,0,1,0,0,1,0,0,1,0,0
007169,1,0,0,1,1,0,1,0,0,1,1,0
007175,1,0,0,1,0,0,1,0,0,1,0,0
007188,1,0,0,1,0,0,1,0,0,1,0,0
007190,1,0,0,1,0,0,1,0,0,1,0,0
007199,1,0,0,1,0,0,1,0,0,1,0,0
007209,1,0,0,1,0,0,1,0,0,1,0,0
007218,1,0,0,1,0,0,1,0,0,1,0,0
007221,1,0,0,1,0,0,1,0,0,1,0,0
007226,1,0,0,1,0,0,1,0,0,1,0,0
007229,1,0,0,1,0,0,1,0,0,1,0,0
007231,1,0,0,1,0,0,1,0,0,1,0,0
007233,1,0,0,1,0,0,1,0,0,1,0,0
007238,1,0,0,1,0,0,1,0,0,1,0,0
007239,1,0,0,1,0,0,1,0,0,1,0,0
007240,1,0,0,1,3,0,1,1,0,1,3,0
007248,1,0,0,1,0,0,1,0,0,1,0,0
007251,1,0,0,1,0,0,1,0,0,1,0,0
007253,1,0,0,1,1,0,1,1,0,1,1,0
007257,1,0,0,1,0,0,1,0,0,1,0,0
007262,1,0,0,1,0,0,1,0,0,1,0,0
007272,1,0,0,1,0,0,1,0,0,1,0,0
007273,1,0,0,1,0,0,1,0,0,1,0,0
007277,1,0,0,1,0,0,1,1,0,1,0,0
007286,1,0,0,1,0,0,1,0,0,1,0,0
007287,1,0,0,1,0,0,1,0,0,1,0,0
007288,1,0,0,1,0,0,1,1,0,1,0,0
007309,1,0,0,1,0,0,1,0,0,1,0,0
007312,1,0,0,1,2,0,1,2,0,1,2,0
007315,1,0,0,1,1,0,1,1,0,1,1,0
007316,1,0,0,1,0,0,1,0,0,1,0,0
007326,1,0,0,1,0,0,1,0,0,1,0,0
007331,1,0,0,1,0,0,1,0,0,1,0,0
007340,1,0,0,1,0,0,1,0,0,1,0,0
007353,1,0,0,1,0,0,1,0,0,1,0,0
007354,1,0,0,1,1,0,1,1,0,1,1,0
007360,1,0,0,1,0,0,1,0,0,1,0,0
007367,1,0,0,1,0,0,1,0,0,1,0,0
007378,1,0,0,1,0,0,1,0,0,1,0,0
007379,1,0,0,1,0,0,1,0,0,1,0,0
007386,1,0,0,1,0,0,1,0,0,1,0,0
007387,1,0,0,1,0,0,1,0,0,1,0,0
007399,1,0,0,1,0,0,1,0,0,1,0,0
007402,1,0,0,1,0,0,1,0,0,1,0,0
007418,1,0,0,1,0,0,1,0,0,1,0,0
007420,1,0,0,1,0,0,1,0,0,1,0,0
007426,1,0,0,1,0,0,1,0,0,1,0,0
007429,1,0,0,1,0,0,1,0,0,1,0,0
007430,1,0,0,1,0,0,1,0,0,1,0,0
007441,1,0,0,1,0,0,1,0,0,1,0,0
007450,1,0,0,0,1,1,1,0,0,0,1,1
007455,1,0,0,1,0,0,1,0,0,1,0,0
007459,1,0,0,1,0,0,1,0,0,1,0,0
007463,1,0,0,1,0,0,1,0,0,1,0,0
007469,1,0,0,1,0,0,1,0,0,1,0,0
007473,1,0,0,1,0,0,1,0,0,1,0,0
007487,1,0,0,1,0,0,1,0,0,1,0,0
007495,1,0,0,1,0,0,1,0,0,1,0,0
007502,1,0,0,1,1,0,1,0,0,1,1,0
007504,1,0,0,1,0,0,0,1,1,1,0,0
007505,1,0,0,1,0,0,1,0,0,1,0,0
007541,1,0,0,1,0,0,1,0,0,1,0,0
007542,1,0,0,1,0,0,1,0,0,1,0,0
007545,1,0,0,0,1,1,0,1,1,0,1,1
007556,1,0,0,1,0,0,1,0,0,1,0,0
007557,1,0,0,1,0,0,1,0,0,1,0,0
007560,1,0,0,1,0,0,1,0,0,1,0,0
007574,1,0,0,1,0,0,1,0,0,1,0,0
007582,1,0,0,1,1,0,1,2,0,1,1,0
007584,1,0,0,1,2,0,1,0,0,1,2,0
007588,1,0,0,1,1,0,1,1,0,1,1,0
007591,1,0,0,1,2,0,1,3,0,1,2,0
007595,1,0,0,1,0,0,1,1,0,1,0,0
007604,1,0,0,1,0,0,1,0,0,1,0,0
007607,1,0,0,1,0,0,1,0,0,1,0,0
007608,1,0,0,1,0,0,1,0,0,1,0,0
007610,1,0,0,1,1,0,1,1,0,1,1,0
007628,1,0,0,1,1,0,1,1,0,1,1,0
007632,1,0,0,1,0,0,1,0,0,1,0,0
007635,1,0,0,1,0,0,1,0,0,1,0,0
007651,1,0,0,1,1,0,1,1,0,1,1,0
007659,1,0,0,1,0,0,1,0,0,1,0,0
007661,1,0,0,1,0,0,1,0,0,1,0,0
007669,1,0,0,1,0,0,1,0,0,1,0,0
007681,1,0,0,1,0,0,1,0,0,1,0,0
007686,1,0,0,1,0,0,1,0,0,1,0,0
007693,1,0,0,1,0,0,1,1,0,1,0,0
007698,1,0,0,1,0,0,1,0,0,1,0,0
007711,1,0,0,1,0,0,1,0,0,1,0,0
007730,1,0,0,1,0,0,1,0,0,1,0,0
007737,1,0,0,1,0,0,1,0,0,1,0,0
007755,1,0,0,1,0,0,1,0,0,1,0,0
007764,1,0,0,1,0,0,1,0,0,1,0,0
007774,1,0,0,1,1,0,1,0,0,1,1,0
007782,1,0,0,1,0,0,1,0,0,1,0,0
007784,1,0,0,1,0,0,1,0,0,1,0,0
007787,1,0,0,1,0,0,1,0,0,1,0,0
007794,1,0,0,1,0,0,1,0,0,1,0,0
007796,1,0,0,1,0,0,1,0,0,1,0,0
007800,1,0,0,1,0,0,1,0,0,1,0,0
007802,1,0,0,1,0,0,1,0,0,1,0,0
007804,1,0,0,1,0,0,1,0,0,1,0,0
007805,1,0,0,1,0,0,1,0,0,1,0,0
007806,1,0,0,1,0,0,1,0,0,1,0,0
007823,1,0,0,1,0,0,1,0,0,1,0,0
007825,1,0,0,1,0,0,1,0,0,1,0,0
007827,1,0,0,1,0,0,1,0,0,1,0,0
007829,1,0,0,1,0,0,1,0,0,1,0,0
007830,1,0,0,1,0,0,1,0,0,1,0,0
007842,1,0,0,1,0,0,1,0,0,1,0,0
007844,1,0,0,1,0,0,1,0,0,1,0,0
007848,1,0,0,1,0,0,1,0,0,1,0,0
007850,1,0,0,1,0,0,1,0,0,1,0,0
007852,1,0,0,1,0,0,1,0,0,1,0,0
007867,1,0,0,1,0,0,1,0,0,1,0,0
007870,1,0,0,1,1,0,1,2,0,1,1,0
007875,1,0,0,1,0,0,1,0,0,1,0,0
007880,1,0,0,1,0,0,1,1,0,1,0,0
007881,1,0,0,1,0,0,1,0,0,1,0,0
007891,1,0,0,1,0,0,1,1,0,1,0,0
007892,1,0,0,1,0,0,1,0,0,1,0,0
007922,1,0,0,1,1,0,1,0,0,1,1,0
007930,1,0,0,0,1,1,0,1,1,0,1,1
007936,1,0,0,1,0,0,1,0,0,1,0,0
007941,1,0,0,0,1,1,1,1,0,0,1,1
007944,1,0,0,1,0,0,1,0,0,1,0,0
007945,1,0,0,1,1,0,1,1,0,1,1,0
007952,1,0,0,1,0,0,1,0,0,1,0,0
007960,1,0,0,1,0,0,1,0,0,1,0,0
007973,1,0,0,1,0,0,1,0,0,1,0,0
007977,1,0,0,1,0,0,1,0,0,1,0,0
007981,1,0,0,1,1,0,1,1,0,1,1,0
007986,1,0,0,1,0,0,1,0,0,1,0,0
007989,1,0,0,1,0,0,1,0,0,1,0,0
007995,1,0,0,1,0,0,1,0,0,1,0,0
008000,1,0,0,1,2,0,1,3,0,1,2,0
008006,1,0,0,1,1,0,1,1,0,1,1,0
008007,1,0,0,1,0,0,1,0,0,1,0,0
008013,1,0,0,1,0,0,1,0,0,1,0,0
008015,1,0,0,1,2,0,1,2,0,1,2,0
008016,1,0,0,1,0,0,1,0,0,1,0,0
008025,1,0,0,1,0,0,1,0,0,1,0,0
008030,1,0,0,1,0,0,1,0,0,1,0,0
008041,1,0,0,1,1,0,1,0,0,1,1,0
008065,1,0,0,1,0,0,1,0,0,1,0,0
008066,1,0,0,1,1,0,1,0,0,1,1,0
008092,1,0,0,1,0,0,1,0,0,1,0,0
008094,1,0,0,0,2,1,1,2,0,0,2,1
008097,1,0,0,1,0,0,1,0,0,1,0,0
008129,1,0,0,1,0,0,1,0,0,1,0,0
008133,1,0,0,1,0,0,1,0,0,1,0,0
008135,1,0,0,1,1,0,1,1,0,1,1,0
008136,1,0,0,1,0,0,1,0,0,1,0,0
008146,1,0,0,1,0,0,1,0,0,1,0,0
008148,1,0,0,1,0,0,1,0,0,1,0,0
008149,1,0,0,1,0,0,1,0,0,1,0,0
008154,1,0,0,1,0,0,1,0,0,1,0,0
008165,1,0,0,1,1,0,1,1,0,1,1,0
008179,1,0,0,1,0,0,1,0,0,1,0,0
008181,1,0,0,1,0,0,1,0,0,1,0,0
008193,1,0,0,1,0,0,1,0,0,1,0,0
008194,1,0,0,1,0,0,1,0,0,1,0,0
008198,1,0,0,1,0,0,1,0,0,1,0,0
008210,1,0,0,1,2,0,1,3,0,1,2,0
008221,1,0,0,1,0,0,1,0,0,1,0,0
008227,1,0,0,1,0,0,1,0,0,1,0,0
008228,1,0,0,1,0,0,1,0,0,1,0,0
008243,1,0,0,1,0,0,1,0,0,1,0,0
008247,1,0,0,1,0,0,1,0,0,1,0,0
008266,1,0,0,1,0,0,1,0,0,1,0,0
008270,1,0,0,1,0,0,1,0,0,1,0,0
008283,1,0,0,1,0,0,1,0,0,1,0,0
008286,1,0,0,1,1,0,1,1,0,1,1,0
008305,1,0,0,1,0,0,1,0,0,1,0,0
008321,1,0,0,1,0,0,1,0,0,1,0,0
008328,1,0,0,1,1,0,1,1,0,1,1,0
008333,1,0,0,1,0,0,1,0,0,1,0,0
008334,1,0,0,1,0,0,1,0,0,1,0,0
008337,1,0,0,1,0,0,1,0,0,1,0,0
008339,1,0,0,1,0,0,1,0,0,1,0,0
008340,1,0,0,1,0,0,1,0,0,1,0,0
008348,1,0,0,1,0,0,1,0,0,1,0,0
008352,1,0,0,1,0,0,1,0,0,1,0,0
008353,1,0,0,1,1,0,1,0,0,1,1,0
008361,1,0,0,1,0,0,1,0,0,1,0,0
008366,1,0,0,1,0,0,1,0,0,1,0,0
008375,1,0,0,1,0,0,1,0,0,1,0,0
008378,1,0,0,1,0,0,1,0,0,1,0,0
008380,1,0,0,1,2,0,1,1,0,1,2,0
008394,1,0,0,1,0,0,1,1,0,1,0,0
008395,1,0,0,1,0,0,0,1,1,1,0,0
008401,1,0,0,1,0,0,1,0,0,1,0,0
008404,1,0,0,1,0,0,1,1,0,1,0,0
008406,1,0,0,1,0,0,1,0,0,1,0,0
008408,1,0,0,1,1,0,1,2,0,1,1,0
008411,1,0,0,1,0,0,1,1,0,1,0,0
008414,1,0,0,1,0,0,1,0,0,1,0,0
008417,1,0,0,1,0,0,1,0,0,1,0,0
008420,1,0,0,1,0,0,1,0,0,1,0,0
008421,1,0,0,1,0,0,1,0,0,1,0,0
008428,1,0,0,1,0,0,1,0,0,1,0,0
008432,1,0,0,1,0,0,1,0,0,1,0,0
008439,1,0,0,1,1,0,1,1,0,1,1,0
008440,1,0,0,1,1,0,1,1,0,1,1,0
008460,1,0,0,1,0,0,1,0,0,1,0,0
008473,1,0,0,1,0,0,1,0,0,1,0,0
008497,1,0,0,0,1,1,1,0,0,0,1,1
008500,1,0,0,1,1,0,1,0,0,1,1,0
008507,1,0,0,1,0,0,1,0,0,1,0,0
008508,1,0,0,1,0,0,1,0,0,1,0,0
008511,1,0,0,1,0,0,1,0,0,1,0,0
008515,1,0,0,1,0,0,1,0,0,1,0,0
008538,1,0,0,1,0,0,1,0,0,1,0,0
008539,1,0,0,1,2,0,1,1,0,1,2,0
008546,1,0,0,1,0,0,1,0,0,1,0,0
008555,1,0,0,1,0,0,1,1,0,1,0,0
008565,1,0,0,1,0,0,1,0,0,1,0,0
008567,1,0,0,1,0,0,1,0,0,1,0,0
008570,1,0,0,1,0,0,1,1,0,1,0,0
008575,1,0,0,1,0,0,1,0,0,1,0,0
008580,1,0,0,1,1,0,1,0,0,1,1,0
008589,1,0,0,1,0,0,1,0,0,1,0,0
008594,1,0,0,1,0,0,1,0,0,1,0,0
008609,1,0,0,1,0,0,1,0,0,1,0,0
008613,1,0,0,1,0,0,1,1,0,1,0,0
008614,1,0,0,1,0,0,1,0,0,1,0,0
008622,1,0,0,1,1,0,1,0,0,1,1,0
008629,1,0,0,1,0,0,1,0,0,1,0,0
008631,1,0,0,1,0,0,1,0,0,1,0,0
008632,1,0,0,1,0,0,1,0,0,1,0,0
008634,1,0,0,1,4,0,1,4,0,1,4,0
008640,1,0,0,1,1,0,1,2,0,1,1,0
008649,1,0,0,1,0,0,1,0,0,1,0,0
008651,1,0,0,1,0,0,1,0,0,1,0,0
008657,1,0,0,1,0,0,1,0,0,1,0,0
008659,1,0,0,1,0,0,1,0,0,1,0,0
008662,1,0,0,1,0,0,1,1,0,1,0,0
008664,1,0,0,1,0,0,1,0,0,1,0,0
008672,1,0,0,1,0,0,1,0,0,1,0,0
008674,1,0,0,1,0,0,1,0,0,1,0,0
008677,1,0,0,1,0,0,1,0,0,1,0,0
008679,1,0,0,1,1,0,1,0,0,1,1,0
008684,1,0,0,1,0,0,1,0,0,1,0,0
008685,1,0,0,1,0,0,1,0,0,1,0,0
008693,1,0,0,1,0,0,1,0,0,1,0,0
008696,1,0,0,1,0,0,1,0,0,1,0,0
008697,1,0,0,1,1,0,1,0,0,1,1,0
008705,1,0,0,1,0,0,1,0,0,1,0,0
008712,1,0,0,1,0,0,1,0,0,1,0,0
008714,1,0,0,1,0,0,1,0,0,1,0,0
008715,1,0,0,1,1,0,1,1,0,1,1,0
008724,1,0,0,1,0,0,1,0,0,1,0,0
008729,1,0,0,0,1,1,0,0,1,0,1,1
008737,1,0,0,1,0,0,1,0,0,1,0,0
008761,1,0,0,0,1,1,1,1,0,0,1,1
008767,1,0,0,1,0,0,1,0,0,1,0,0
008777,1,0,0,1,1,0,1,1,0,1,1,0
008779,1,0,0,1,0,0,1,1,0,1,0,0
008782,1,0,0,1,0,0,1,0,0,1,0,0
008787,1,0,0,1,0,0,1,0,0,1,0,0
008789,1,0,0,1,0,0,1,0,0,1,0,0
008791,1,0,0,1,0,0,1,0,0,1,0,0
008795,1,0,0,0,2,1,0,3,1,0,2,1
008816,1,0,0,1,0,0,1,0,0,1,0,0
008825,1,0,0,1,0,0,1,0,0,1,0,0
008832,1,0,0,1,0,0,1,0,0,1,0,0
008834,1,0,0,1,0,0,1,0,0,1,0,0
008842,1,0,0,1,0,0,1,0,0,1,0,0
008851,1,0,0,1,1,0,1,0,0,1,1,0
008860,1,0,0,1,0,0,1,0,0,1,0,0
008861,1,0,0,1,0,0,1,0,0,1,0,0
008870,1,0,0,1,0,0,1,0,0,1,0,0
008877,1,0,0,1,0,0,1,0,0,1,0,0
008889,1,0,0,1,2,0,1,1,0,1,2,0
008896,1,0,0,1,0,0,1,0,0,1,0,0
008898,1,0,0,1,0,0,1,0,0,1,0,0
008904,1,0,0,1,0,0,1,0,0,1,0,0
008908,1,0,0,1,0,0,1,0,0,1,0,0
008924,1,0,0,1,0,0,1,0,0,1,0,0
008934,1,0,0,1,0,0,1,0,0,1,0,0
008935,1,0,0,1,0,0,1,0,0,1,0,0
008938,1,0,0,1,0,0,1,0,0,1,0,0
008946,1,0,0,1,1,0,1,2,0,1,1,0
008949,1,0,0,1,0,0,1,0,0,1,0,0
008950,1,0,0,1,0,0,1,0,0,1,0,0
008956,1,0,0,1,1,0,1,0,0,1,1,0
008959,1,0,0,1,0,0,1,0,0,1,0,0
008972,1,0,0,1,0,0,1,0,0,1,0,0
008977,1,0,0,1,0,0,1,0,0,1,0,0
008981,1,0,0,1,0,0,1,0,0,1,0,0
008992,1,0,0,1,0,0,1,0,0,1,0,0
009003,1,0,0,1,1,0,1,1,0,1,1,0
009021,1,0,0,1,0,0,1,0,0,1,0,0
009038,1,0,0,1,0,0,1,0,0,1,0,0
009040,1,0,0,1,2,0,1,2,0,1,2,0
009043,1,0,0,0,1,1,0,1,1,0,1,1
009054,1,0,0,1,0,0,1,0,0,1,0,0
009055,1,0,0,1,0,0,1,0,0,1,0,0
009065,1,0,0,1,0,0,1,0,0,1,0,0
009076,1,0,0,1,0,0,1,0,0,1,0,0
009081,1,0,0,1,0,0,1,0,0,1,0,0
009082,1,0,0,1,0,0,1,0,0,1,0,0
009083,1,0,0,1,0,0,1,1,0,1,0,0
009093,1,0,0,1,0,0,1,0,0,1,0,0
009096,1,0,0,1,0,0,1,0,0,1,0,0
009097,1,0,0,1,1,0,1,0,0,1,1,0
009107,1,0,0,1,0,0,1,0,0,1,0,0
009110,1,0,0,1,0,0,1,0,0,1,0,0
009118,1,0,0,1,0,0,1,2,0,1,0,0
009120,1,0,0,1,0,0,1,0,0,1,0,0
009132,1,0,0,1,0,0,1,1,0,1,0,0
009135,1,0,0,1,0,0,1,0,0,1,0,0
009140,1,0,0,0,0,1,0,0,1,0,0,1
009142,1,0,0,1,0,0,1,0,0,1,0,0
009154,1,0,0,1,3,0,1,4,0,1,3,0
009167,1,0,0,1,0,0,1,0,0,1,0,0
009183,1,0,0,1,0,0,1,0,0,1,0,0
009188,1,0,0,1,0,0,1,0,0,1,0,0
009190,1,0,0,1,0,0,1,0,0,1,0,0
009198,1,0,0,1,0,0,1,0,0,1,0,0
009199,1,0,0,0,1,1,1,0,0,0,1,1
009203,1,0,0,1,0,0,1,0,0,1,0,0
009204,1,0,0,1,0,0,1,1,0,1,0,0
009206,1,0,0,1,0,0,1,0,0,1,0,0
009207,1,0,0,1,0,0,1,0,0,1,0,0
009210,1,0,0,1,0,0,1,0,0,1,0,0
009211,1,0,0,1,0,0,1,0,0,1,0,0
009220,1,0,0,1,0,0,1,0,0,1,0,0
009226,1,0,0,1,0,0,1,0,0,1,0,0
009232,1,0,0,1,0,0,0,0,1,1,0,0
009233,1,0,0,1,0,0,1,0,0,1,0,0
009234,1,0,0,1,0,0,1,0,0,1,0,0
009235,1,0,0,0,0,1,0,1,1,0,0,1
009243,1,0,0,1,0,0,1,1,0,1,0,0
009260,1,0,0,1,0,0,1,0,0,1,0,0
009262,1,0,0,1,0,0,1,0,0,1,0,0
009264,1,0,0,1,0,0,1,0,0,1,0,0
009265,1,0,0,1,0,0,1,0,0,1,0,0
009266,1,0,0,1,0,0,1,1,0,1,0,0
009280,1,0,0,1,0,0,1,0,0,1,0,0
009298,1,0,0,1,0,0,1,0,0,1,0,0
009305,1,0,0,1,0,0,1,0,0,1,0,0
009319,1,0,0,1,1,0,1,1,0,1,1,0
009321,1,0,0,1,0,0,1,0,0,1,0,0
009329,1,0,0,1,0,0,1,0,0,1,0,0
009335,1,0,0,1,1,0,1,0,0,1,1,0
009338,1,0,0,1,0,0,1,0,0,1,0,0
009340,1,0,0,1,0,0,1,0,0,1,0,0
009341,1,0,0,1,0,0,1,0,0,1,0,0
009353,1,0,0,1,0,0,1,0,0,1,0,0
009355,1,0,0,1,0,0,1,1,0,1,0,0
009360,1,0,0,1,0,0,1,0,0,1,0,0
009372,1,0,0,1,0,0,1,0,0,1,0,0
009383,1,0,0,1,0,0,1,0,0,1,0,0
009390,1,0,0,1,0,0,1,0,0,1,0,0
009391,1,0,0,1,0,0,1,0,0,1,0,0
009395,1,0,0,1,0,0,1,0,0,1,0,0
009399,1,0,0,1,0,0,1,0,0,1,0,0
009403,1,0,0,1,0,0,1,0,0,1,0,0
009425,1,0,0,1,1,0,1,1,0,1,1,0
009426,1,0,0,1,0,0,1,0,0,1,0,0
009427,1,0,0,1,1,0,1,0,0,1,1,0
009428,1,0,0,1,0,0,1,0,0,1,0,0
009442,1,0,0,1,0,0,1,0,0,1,0,0
009447,1,0,0,1,0,0,1,0,0,1,0,0
009449,1,0,0,1,0,0,1,0,0,1,0,0
009453,1,0,0,1,0,0,1,0,0,1,0,0
009462,1,0,0,1,1,0,1,1,0,1,1,0
009471,1,0,0,1,0,0,1,0,0,1,0,0
009485,1,0,0,1,1,0,1,1,0,1,1,0
009492,1,0,0,1,0,0,1,0,0,1,0,0
009498,1,0,0,1,0,0,1,0,0,1,0,0
009501,1,0,0,1,0,0,1,0,0,1,0,0
009503,1,0,0,1,0,0,1,0,0,1,0,0
009509,1,0,0,1,0,0,1,0,0,1,0,0
009510,1,0,0,1,0,0,1,0,0,1,0,0
009513,1,0,0,1,0,0,1,0,0,1,0,0
009522,1,0,0,1,1,0,1,1,0,1,1,0
009538,1,0,0,0,2,1,0,2,1,0,2,1
009544,1,0,0,1,2,0,1,2,0,1,2,0
009555,1,0,0,1,0,0,1,0,0,1,0,0
009572,1,0,0,1,1,0,1,0,0,1,1,0
009575,1,0,0,1,0,0,1,0,0,1,0,0
009582,1,0,0,1,3,0,1,2,0,1,3,0
009589,1,0,0,1,1,0,1,1,0,1,1,0
009594,1,0,0,1,0,0,1,0,0,1,0,0
009604,1,0,0,1,0,0,1,0,0,1,0,0
009608,1,0,0,1,0,0,1,0,0,1,0,0
009610,1,0,0,1,0,0,1,0,0,1,0,0
009612,1,0,0,1,1,0,1,0,0,1,1,0
009616,1,0,0,1,1,0,1,1,0,1,1,0
009624,1,0,0,1,0,0,1,0,0,1,0,0
009625,1,0,0,1,0,0,1,0,0,1,0,0
009632,1,0,0,0,0,1,0,0,1,0,0,1
009640,1,0,0,1,0,0,1,0,0,1,0,0
009648,1,0,0,0,0,1,0,0,1,0,0,1
009651,1,0,0,1,1,0,1,2,0,1,1,0
009652,1,0,0,1,0,0,1,0,0,1,0,0
009669,1,0,0,1,0,0,1,0,0,1,0,0
009675,1,0,0,1,0,0,1,0,0,1,0,0
009683,1,0,0,1,2,0,1,2,0,1,2,0
009701,1,0,0,1,0,0,1,0,0,1,0,0
009714,1,0,0,0,1,1,0,0,1,0,1,1
009716,1,0,0,1,0,0,1,0,0,1,0,0
009720,1,0,0,1,0,0,1,0,0,1,0,0
009725,1,0,0,1,0,0,1,0,0,1,0,0
009736,1,0,0,1,0,0,1,0,0,1,0,0
009740,1,0,0,1,0,0,1,0,0,1,0,0
009742,1,0,0,1,0,0,1,2,0,1,0,0
009751,1,0,0,1,0,0,1,0,0,1,0,0
009753,1,0,0,1,1,0,1,1,0,1,1,0
009757,1,0,0,1,0,0,1,0,0,1,0,0
009759,1,0,0,0,1,1,1,1,0,0,1,1
009760,1,0,0,1,0,0,1,0,0,1,0,0
009765,1,0,0,1,0,0,1,0,0,1,0,0
009769,1,0,0,1,0,0,1,0,0,1,0,0
009770,1,0,0,1,1,0,1,1,0,1,1,0
009775,1,0,0,1,0,0,1,0,0,1,0,0
009783,1,0,0,1,1,0,1,0,0,1,1,0
009784,1,0,0,1,0,0,1,1,0,1,0,0
009793,1,0,0,1,0,0,1,0,0,1,0,0
009795,1,0,0,1,0,0,1,0,0,1,0,0
009814,1,0,0,1,0,0,1,0,0,1,0,0
009820,1,0,0,1,0,0,1,0,0,1,0,0
009821,1,0,0,1,0,0,1,0,0,1,0,0
009824,1,0,0,1,0,0,1,0,0,1,0,0
009837,1,0,0,1,0,0,1,0,0,1,0,0
009838,1,0,0,1,0,0,1,0,0,1,0,0
009849,1,0,0,1,0,0,1,0,0,1,0,0
009866,1,0,0,1,0,0,1,0,0,1,0,0
009873,1,0,0,1,0,0,1,0,0,1,0,0
009876,1,0,0,1,0,0,1,0,0,1,0,0
009883,1,0,0,1,0,0,1,0,0,1,0,0
009889,1,0,0,1,0,0,1,0,0,1,0,0
009892,1,0,0,1,0,0,1,0,0,1,0,0
009899,1,0,0,1,0,0,1,0,0,1,0,0
009907,1,0,0,1,0,0,1,1,0,1,0,0
009912,1,0,0,1,0,0,1,0,0,1,0,0
009919,1,0,0,1,0,0,1,0,0,1,0,0
009922,1,0,0,1,0,0,1,0,0,1,0,0
009924,1,0,0,1,1,0,1,1,0,1,1,0
009927,1,0,0,1,0,0,1,0,0,1,0,0
009930,1,0,0,1,0,0,1,0,0,1,0,0
009933,1,0,0,1,0,0,1,0,0,1,0,0
009934,1,0,0,1,0,0,1,0,0,1,0,0
009936,1,0,0,1,1,0,1,1,0,1,1,0
009943,1,0,0,1,0,0,1,0,0,1,0,0
009952,1,0,0,1,0,0,1,0,0,1,0,0
009953,1,0,0,1,0,0,1,0,0,1,0,0
009956,1,0,0,1,0,0,1,0,0,1,0,0
008134,18,0,-1,18,1,0,18,3,0,18,2,0
008910,13,0,-1,12,2,1,12,4,1,12,3,1
007896,12,0,-1,12,2,0,12,2,0,12,3,0
009704,12,0,-1,12,1,0,12,0,0,12,2,0
002301,11,0,-1,11,2,0,11,2,0,11,3,0
003649,11,0,-1,9,3,2,9,2,2,9,4,2
002573,10,0,-1,8,4,2,9,5,1,8,5,2
001382,9,0,-1,9,0,0,9,0,0,9,1,0
002996,9,0,-1,8,1,1,9,2,0,8,2,1
007137,9,0,-1,6,1,3,6,1,3,6,2,3
003006,8,0,-1,8,2,0,8,2,0,8,3,0
005520,8,0,-1,8,1,0,8,1,0,8,2,0
007237,8,0,-1,7,1,1,7,4,1,7,2,1
007447,8,0,-1,8,0,0,8,0,0,8,1,0
007906,8,0,-1,8,0,0,7,1,1,8,1,0
008402,8,0,-1,7,0,1,7,1,1,7,1,1
008824,8,0,-1,8,2,0,8,2,0,8,3,0
008828,8,0,-1,7,1,1,7,1,1,7,2,1
009075,8,0,-1,8,1,0,8,1,0,8,2,0
001476,7,0,-1,5,2,2,5,4,2,5,3,2
001839,7,0,-1,7,4,0,7,4,0,7,5,0
002331,7,0,-1,7,2,0,7,3,0,7,3,0
005035,7,0,-1,5,2,2,6,1,1,5,3,2
007518,7,0,-1,7,1,0,7,1,0,7,2,0
000265,6,0,-1,5,1,1,6,0,0,5,2,1
000959,6,0,-1,6,1,0,6,1,0,6,2,0
001857,6,0,-1,6,1,0,6,1,0,6,2,0
002141,6,0,-1,5,1,1,5,1,1,5,2,1
003020,6,0,-1,6,0,0,6,0,0,6,1,0
004892,6,0,-1,5,2,1,6,1,0,5,3,1
006401,6,0,-1,6,5,0,6,3,0,6,6,0
007186,6,0,-1,4,1,2,6,0,0,4,2,2
007494,6,0,-1,2,1,4,2,2,4,2,2,4
007553,6,0,-1,5,0,1,5,0,1,5,1,1
008192,6,0,-1,3,0,3,3,1,3,3,1,3
008457,6,0,-1,6,4,0,6,2,0,6,5,0
008493,6,0,-1,5,0,1,4,1,2,5,1,1
009044,6,0,-1,5,0,1,4,1,2,5,1,1
009139,6,0,-1,6,3,0,6,3,0,6,4,0
009741,6,0,-1,6,0,0,6,1,0,6,1,0
000314,5,0,-1,5,7,0,5,9,0,5,8,0
000510,5,0,-1,4,6,1,5,8,0,4,7,1
000587,5,0,-1,5,1,0,4,2,1,5,2,0
000723,5,0,-1,5,1,0,5,1,0,5,2,0
001099,5,0,-1,5,1,0,4,1,1,5,2,0
001169,5,0,-1,3,2,2,3,2,2,3,3,2
001658,5,0,-1,4,0,1,4,0,1,4,1,1
002154,5,0,-1,5,4,0,5,7,0,5,5,0
003385,5,0,-1,5,0,0,5,0,0,5,1,0
003486,5,0,-1,4,2,1,5,4,0,4,3,1
004305,5,0,-1,4,1,1,4,0,1,4,2,1
004408,5,0,-1,4,2,1,3,2,2,4,3,1
004447,5,0,-1,5,0,0,5,0,0,5,1,0
004486,5,0,-1,3,0,2,4,0,1,3,1,2
004780,5,0,-1,3,1,2,3,4,2,3,2,2
004791,5,0,-1,4,5,1,4,4,1,4,6,1
005112,5,0,-1,4,5,1,3,2,2,4,6,1
005721,5,0,-1,5,0,0,5,0,0,5,1,0
006057,5,0,-1,5,0,0,5,0,0,5,1,0
006193,5,0,-1,5,0,0,5,1,0,5,1,0
006453,5,0,-1,5,1,0,5,1,0,5,2,0
006527,5,0,-1,5,2,0,5,3,0,5,3,0
006830,5,0,-1,4,2,1,5,1,0,4,3,1
008047,5,0,-1,5,4,0,5,4,0,5,5,0
008152,5,0,-1,5,0,0,5,0,0,5,1,0
009125,5,0,-1,3,0,2,4,1,1,3,1,2
009384,5,0,-1,5,1,0,4,4,1,5,2,0
009450,5,0,-1,5,2,0,4,3,1,5,3,0
009564,5,0,-1,5,0,0,5,1,0,5,1,0
000196,4,0,-1,3,1,1,3,1,1,3,2,1
000310,4,0,-1,3,2,1,3,2,1,3,3,1
000413,4,0,-1,2,3,2,2,3,2,2,4,2
000517,4,0,-1,2,0,2,3,0,1,2,1,2
000692,4,0,-1,2,1,2,2,1,2,2,2,2
000704,4,0,-1,4,0,0,4,0,0,4,1,0
001047,4,0,-1,4,3,0,4,3,0,4,4,0
001118,4,0,-1,3,1,1,3,1,1,3,2,1
001133,4,0,-1,4,3,0,4,1,0,4,4,0
001518,4,0,-1,2,0,2,3,1,1,2,1,2
001564,4,0,-1,4,2,0,4,2,0,4,3,0
001770,4,0,-1,2,1,2,4,1,0,2,2,2
001949,4,0,-1,4,1,0,4,3,0,4,2,0
001969,4,0,-1,4,0,0,4,1,0,4,1,0
002254,4,0,-1,3,1,1,4,1,0,3,2,1
002322,4,0,-1,4,1,0,4,2,0,4,2,0
002341,4,0,-1,3,0,1,4,0,0,3,1,1
002429,4,0,-1,3,1,1,2,1,2,3,2,1
002467,4,0,-1,1,0,3,1,1,3,1,1,3
002604,4,0,-1,3,0,1,3,0,1,3,1,1
002777,4,0,-1,3,3,1,4,3,0,3,4,1
002792,4,0,-1,4,1,0,4,2,0,4,2,0
003309,4,0,-1,4,0,0,4,0,0,4,1,0
003736,4,0,-1,3,0,1,3,0,1,3,1,1
003903,4,0,-1,4,0,0,4,1,0,4,1,0
004179,4,0,-1,4,2,0,4,1,0,4,3,0
004248,4,0,-1,3,1,1,3,2,1,3,2,1
004299,4,0,-1,2,0,2,2,2,2,2,1,2
004311,4,0,-1,2,2,2,3,3,1,2,3,2
004835,4,0,-1,4,0,0,4,0,0,4,1,0
004870,4,0,-1,4,0,0,4,1,0,4,1,0
005148,4,0,-1,4,2,0,4,1,0,4,3,0
005266,4,0,-1,2,0,2,2,0,2,2,1,2
005354,4,0,-1,4,0,0,4,0,0,4,1,0
005870,4,0,-1,3,0,1,4,1,0,3,1,1
005922,4,0,-1,4,0,0,3,0,1,4,1,0
006056,4,0,-1,3,1,1,3,2,1,3,2,1
006608,4,0,-1,4,1,0,4,2,0,4,2,0
006633,4,0,-1,2,2,2,2,1,2,2,3,2
006662,4,0,-1,4,2,0,4,4,0,4,3,0
006986,4,0,-1,3,0,1,3,0,1,3,1,1
007179,4,0,-1,4,0,0,3,0,1,4,1,0
007801,4,0,-1,4,2,0,4,2,0,4,3,0
008547,4,0,-1,3,2,1,3,3,1,3,3,1
008669,4,0,-1,4,0,0,4,0,0,4,1,0
008746,4,0,-1,4,0,0,3,0,1,4,1,0
008901,4,0,-1,4,0,0,4,1,0,4,1,0
009364,4,0,-1,2,0,2,3,0,1,2,1,2
009547,4,0,-1,4,0,0,4,3,0,4,1,0
009563,4,0,-1,2,0,2,3,0,1,2,1,2
000043,3,0,-1,2,0,1,2,0,1,2,1,1
000652,3,0,-1,2,1,1,2,3,1,2,2,1
000870,3,0,-1,3,2,0,3,1,0,3,3,0
001179,3,0,-1,2,1,1,2,0,1,2,2,1
001551,3,0,-1,3,0,0,3,1,0,3,1,0
001657,3,0,-1,2,0,1,2,0,1,2,1,1
001710,3,0,-1,3,1,0,3,1,0,3,2,0
002100,3,0,-1,3,0,0,3,0,0,3,1,0
002133,3,0,-1,1,1,2,1,1,2,1,2,2
002538,3,0,-1,3,0,0,3,2,0,3,1,0
002650,3,0,-1,3,0,0,3,2,0,3,1,0
002656,3,0,-1,3,0,0,3,0,0,3,1,0
002753,3,0,-1,2,1,1,2,1,1,2,2,1
003029,3,0,-1,3,1,0,3,0,0,3,2,0
003190,3,0,-1,3,0,0,3,0,0,3,1,0
003755,3,0,-1,3,0,0,3,1,0,3,1,0
003819,3,0,-1,3,1,0,3,2,0,3,2,0
003884,3,0,-1,2,3,1,2,5,1,2,4,1
004222,3,0,-1,3,1,0,3,2,0,3,2,0
004285,3,0,-1,2,0,1,3,1,0,2,1,1
004435,3,0,-1,3,1,0,3,1,0,3,2,0
004451,3,0,-1,3,2,0,3,3,0,3,3,0
004491,3,0,-1,2,1,1,3,3,0,2,2,1
004501,3,0,-1,3,0,0,3,1,0,3,1,0
004889,3,0,-1,3,0,0,3,0,0,3,1,0
005002,3,0,-1,2,1,1,2,1,1,2,2,1
005251,3,0,-1,3,0,0,3,0,0,3,1,0
005604,3,0,-1,2,0,1,2,0,1,2,1,1
006126,3,0,-1,2,0,1,3,0,0,2,1,1
006137,3,0,-1,2,0,1,2,0,1,2,1,1
006257,3,0,-1,3,0,0,3,1,0,3,1,0
006379,3,0,-1,2,0,1,2,0,1,2,1,1
006644,3,0,-1,3,1,0,3,1,0,3,2,0
006669,3,0,-1,3,0,0,3,0,0,3,1,0
007338,3,0,-1,2,0,1,2,0,1,2,1,1
007401,3,0,-1,3,0,0,3,1,0,3,1,0
007783,3,0,-1,2,2,1,2,3,1,2,3,1
007839,3,0,-1,2,0,1,2,0,1,2,1,1
008170,3,0,-1,2,1,1,2,2,1,2,2,1
008215,3,0,-1,1,1,2,2,0,1,1,2,2
008277,3,0,-1,3,0,0,3,0,0,3,1,0
008490,3,0,-1,3,0,0,3,0,0,3,1,0
008531,3,0,-1,3,0,0,3,2,0,3,1,0
008537,3,0,-1,3,1,0,3,2,0,3,2,0
008682,3,0,-1,3,1,0,3,0,0,3,2,0
008707,3,0,-1,1,1,2,2,2,1,1,2,2
008941,3,0,-1,3,1,0,3,1,0,3,2,0
008963,3,0,-1,2,0,1,2,3,1,2,1,1
009344,3,0,-1,2,0,1,1,1,2,2,1,1
009495,3,0,-1,3,0,0,3,0,0,3,1,0
009511,3,0,-1,1,0,2,1,0,2,1,1,2
009645,3,0,-1,2,4,1,2,3,1,2,5,1
009653,3,0,-1,2,2,1,3,1,0,2,3,1
009847,3,0,-1,3,0,0,3,1,0,3,1,0
000080,2,0,-1,2,3,0,2,3,0,2,4,0
000258,2,0,-1,2,0,0,2,1,0,2,1,0
000392,2,0,-1,2,1,0,2,2,0,2,2,0
000561,2,0,-1,2,1,0,2,2,0,2,2,0
000578,2,0,-1,2,1,0,2,3,0,2,2,0
000593,2,0,-1,2,1,0,2,1,0,2,2,0
000798,2,0,-1,2,1,0,2,1,0,2,2,0
000938,2,0,-1,2,3,0,2,2,0,2,4,0
000978,2,0,-1,2,2,0,2,1,0,2,3,0
001023,2,0,-1,2,1,0,2,0,0,2,2,0
001173,2,0,-1,2,0,0,2,0,0,2,1,0
001308,2,0,-1,2,2,0,2,4,0,2,3,0
001319,2,0,-1,2,1,0,2,1,0,2,2,0
001438,2,0,-1,2,1,0,2,1,0,2,2,0
001446,2,0,-1,2,0,0,2,0,0,2,1,0
001474,2,0,-1,2,0,0,2,1,0,2,1,0
001502,2,0,-1,2,0,0,2,0,0,2,1,0
001558,2,0,-1,2,1,0,2,0,0,2,2,0
001583,2,0,-1,2,0,0,2,2,0,2,1,0
001599,2,0,-1,2,1,0,2,1,0,2,2,0
001706,2,0,-1,2,1,0,2,2,0,2,2,0
001715,2,0,-1,2,1,0,2,1,0,2,2,0
001735,2,0,-1,2,1,0,2,1,0,2,2,0
001748,2,0,-1,2,0,0,2,0,0,2,1,0
001783,2,0,-1,2,0,0,2,0,0,2,1,0
001935,2,0,-1,2,0,0,2,0,0,2,1,0
001993,2,0,-1,2,1,0,2,2,0,2,2,0
002081,2,0,-1,2,0,0,2,1,0,2,1,0
002203,2,0,-1,2,0,0,2,0,0,2,1,0
002283,2,0,-1,2,0,0,2,0,0,2,1,0
002286,2,0,-1,2,0,0,2,0,0,2,1,0
002397,2,0,-1,2,0,0,2,1,0,2,1,0
002612,2,0,-1,2,0,0,2,0,0,2,1,0
002708,2,0,-1,2,2,0,2,2,0,2,3,0
002797,2,0,-1,2,0,0,1,1,1,2,1,0
002809,2,0,-1,2,1,0,2,2,0,2,2,0
002874,2,0,-1,2,2,0,2,3,0,2,3,0
002918,2,0,-1,2,0,0,2,1,0,2,1,0
002926,2,0,-1,1,0,1,1,2,1,1,1,1
002950,2,0,-1,1,1,1,2,1,0,1,2,1
003087,2,0,-1,2,0,0,2,0,0,2,1,0
003091,2,0,-1,2,0,0,2,2,0,2,1,0
003322,2,0,-1,2,1,0,2,2,0,2,2,0
003409,2,0,-1,1,0,1,1,1,1,1,1,1
003485,2,0,-1,2,1,0,2,1,0,2,2,0
003541,2,0,-1,2,1,0,2,1,0,2,2,0
003558,2,0,-1,1,0,1,1,0,1,1,1,1
003934,2,0,-1,2,0,0,2,1,0,2,1,0
003940,2,0,-1,2,0,0,2,0,0,2,1,0
003968,2,0,-1,2,0,0,2,0,0,2,1,0
004026,2,0,-1,2,0,0,1,1,1,2,1,0
004124,2,0,-1,2,1,0,2,1,0,2,2,0
004249,2,0,-1,2,1,0,2,2,0,2,2,0
004252,2,0,-1,2,1,0,2,0,0,2,2,0
004290,2,0,-1,2,0,0,2,1,0,2,1,0
004297,2,0,-1,2,0,0,2,0,0,2,1,0
004301,2,0,-1,2,0,0,2,0,0,2,1,0
004330,2,0,-1,2,0,0,2,0,0,2,1,0
004543,2,0,-1,2,0,0,2,1,0,2,1,0
004582,2,0,-1,2,1,0,2,0,0,2,2,0
004635,2,0,-1,1,2,1,1,1,1,1,3,1
004650,2,0,-1,2,3,0,2,3,0,2,4,0
004725,2,0,-1,2,4,0,2,4,0,2,5,0
004726,2,0,-1,2,0,0,2,1,0,2,1,0
004807,2,0,-1,2,0,0,2,0,0,2,1,0
004899,2,0,-1,1,1,1,2,2,0,1,2,1
004934,2,0,-1,2,1,0,1,2,1,2,2,0
005098,2,0,-1,2,3,0,2,2,0,2,4,0
005100,2,0,-1,2,2,0,2,3,0,2,3,0
005218,2,0,-1,1,1,1,1,1,1,1,2,1
005286,2,0,-1,2,1,0,2,2,0,2,2,0
005296,2,0,-1,1,1,1,1,1,1,1,2,1
005366,2,0,-1,2,4,0,2,4,0,2,5,0
005538,2,0,-1,1,0,1,2,0,0,1,1,1
005545,2,0,-1,1,0,1,0,0,2,1,1,1
005734,2,0,-1,1,1,1,2,4,0,1,2,1
005748,2,0,-1,2,0,0,2,0,0,2,1,0
005767,2,0,-1,2,0,0,2,0,0,2,1,0
005774,2,0,-1,2,3,0,2,2,0,2,4,0
006003,2,0,-1,2,0,0,2,3,0,2,1,0
006059,2,0,-1,2,0,0,2,0,0,2,1,0
006237,2,0,-1,2,0,0,2,0,0,2,1,0
006273,2,0,-1,2,1,0,2,1,0,2,2,0
006384,2,0,-1,2,0,0,2,0,0,2,1,0
006435,2,0,-1,1,0,1,1,0,1,1,1,1
006539,2,0,-1,2,2,0,2,2,0,2,3,0
006613,2,0,-1,1,0,1,1,0,1,1,1,1
006724,2,0,-1,2,0,0,2,0,0,2,1,0
006744,2,0,-1,2,0,0,2,0,0,2,1,0
006891,2,0,-1,2,1,0,2,1,0,2,2,0
006936,2,0,-1,2,0,0,2,1,0,2,1,0
007106,2,0,-1,1,1,1,2,0,0,1,2,1
007232,2,0,-1,2,0,0,2,0,0,2,1,0
007337,2,0,-1,2,1,0,2,1,0,2,2,0
007348,2,0,-1,2,0,0,2,0,0,2,1,0
007404,2,0,-1,1,1,1,1,2,1,1,2,1
007440,2,0,-1,2,0,0,2,0,0,2,1,0
007476,2,0,-1,1,0,1,1,0,1,1,1,1
007496,2,0,-1,2,0,0,2,1,0,2,1,0
007609,2,0,-1,2,1,0,2,0,0,2,2,0
007752,2,0,-1,2,1,0,2,1,0,2,2,0
007761,2,0,-1,2,1,0,2,1,0,2,2,0
007769,2,0,-1,2,0,0,2,0,0,2,1,0
007792,2,0,-1,2,2,0,2,2,0,2,3,0
007846,2,0,-1,2,0,0,2,0,0,2,1,0
008162,2,0,-1,2,0,0,1,1,1,2,1,0
008233,2,0,-1,1,3,1,2,2,0,1,4,1
008362,2,0,-1,2,1,0,2,2,0,2,2,0
008369,2,0,-1,2,1,0,2,0,0,2,2,0
008382,2,0,-1,2,4,0,2,5,0,2,5,0
008392,2,0,-1,2,0,0,2,1,0,2,1,0
008436,2,0,-1,2,4,0,2,5,0,2,5,0
008446,2,0,-1,2,0,0,2,2,0,2,1,0
008893,2,0,-1,2,0,0,2,2,0,2,1,0
008894,2,0,-1,2,0,0,2,0,0,2,1,0
009352,2,0,-1,1,1,1,1,1,1,1,2,1
009548,2,0,-1,2,0,0,2,2,0,2,1,0
009554,2,0,-1,1,0,1,1,0,1,1,1,1
009646,2,0,-1,2,0,0,2,0,0,2,1,0
009672,2,0,-1,2,0,0,2,0,0,2,1,0
009682,2,0,-1,2,0,0,2,0,0,2,1,0
009910,2,0,-1,2,0,0,2,1,0,2,1,0
009948,2,0,-1,2,0,0,2,0,0,2,1,0
009960,2,0,-1,2,0,0,2,0,0,2,1,0
000008,1,0,-1,1,1,0,1,2,0,1,2,0
000053,1,0,-1,1,0,0,1,0,0,1,1,0
000074,1,0,-1,1,1,0,1,0,0,1,2,0
000094,1,0,-1,1,0,0,1,0,0,1,1,0
000106,1,0,-1,1,1,0,1,1,0,1,2,0
000136,1,0,-1,1,0,0,1,0,0,1,1,0
000182,1,0,-1,1,1,0,1,1,0,1,2,0
000206,1,0,-1,1,0,0,1,0,0,1,1,0
000267,1,0,-1,1,0,0,1,0,0,1,1,0
000272,1,0,-1,1,0,0,1,0,0,1,1,0
000295,1,0,-1,1,0,0,1,0,0,1,1,0
000326,1,0,-1,0,0,1,0,1,1,0,1,1
000335,1,0,-1,1,0,0,1,1,0,1,1,0
000350,1,0,-1,1,0,0,1,0,0,1,1,0
000351,1,0,-1,1,0,0,1,0,0,1,1,0
000452,1,0,-1,1,1,0,1,2,0,1,2,0
000485,1,0,-1,1,0,0,1,2,0,1,1,0
000529,1,0,-1,0,0,1,0,0,1,0,1,1
000673,1,0,-1,1,0,0,1,0,0,1,1,0
000765,1,0,-1,1,0,0,1,0,0,1,1,0
000792,1,0,-1,1,2,0,1,1,0,1,3,0
000795,1,0,-1,1,0,0,0,0,1,1,1,0
000833,1,0,-1,1,0,0,1,0,0,1,1,0
000853,1,0,-1,1,0,0,1,0,0,1,1,0
000875,1,0,-1,1,1,0,1,1,0,1,2,0
000975,1,0,-1,1,0,0,1,0,0,1,1,0
001030,1,0,-1,1,1,0,1,2,0,1,2,0
001051,1,0,-1,1,0,0,1,0,0,1,1,0
001094,1,0,-1,1,0,0,1,0,0,1,1,0
001155,1,0,-1,1,0,0,1,1,0,1,1,0
001540,1,0,-1,1,1,0,1,1,0,1,2,0
001584,1,0,-1,0,1,1,1,2,0,0,2,1
001605,1,0,-1,1,0,0,1,1,0,1,1,0
001615,1,0,-1,0,0,1,0,1,1,0,1,1
001697,1,0,-1,1,0,0,1,0,0,1,1,0
001813,1,0,-1,1,1,0,1,1,0,1,2,0
001879,1,0,-1,1,0,0,1,1,0,1,1,0
002059,1,0,-1,1,0,0,1,0,0,1,1,0
002075,1,0,-1,0,1,1,0,2,1,0,2,1
002093,1,0,-1,1,0,0,1,0,0,1,1,0
002150,1,0,-1,1,0,0,1,0,0,1,1,0
002210,1,0,-1,1,1,0,1,1,0,1,2,0
002262,1,0,-1,1,1,0,1,1,0,1,2,0
002339,1,0,-1,1,1,0,1,1,0,1,2,0
002396,1,0,-1,1,0,0,1,1,0,1,1,0
002422,1,0,-1,1,1,0,1,0,0,1,2,0
002541,1,0,-1,1,0,0,1,1,0,1,1,0
002574,1,0,-1,1,1,0,1,2,0,1,2,0
002581,1,0,-1,1,0,0,1,0,0,1,1,0
002770,1,0,-1,0,1,1,1,0,0,0,2,1
002805,1,0,-1,1,0,0,1,0,0,1,1,0
002831,1,0,-1,1,0,0,1,1,0,1,1,0
002837,1,0,-1,1,0,0,0,1,1,1,1,0
002872,1,0,-1,1,1,0,1,1,0,1,2,0
002902,1,0,-1,1,1,0,1,1,0,1,2,0
002993,1,0,-1,1,1,0,1,2,0,1,2,0
003019,1,0,-1,1,0,0,1,0,0,1,1,0
003099,1,0,-1,0,2,1,0,3,1,0,3,1
003128,1,0,-1,1,0,0,1,0,0,1,1,0
003257,1,0,-1,1,1,0,1,2,0,1,2,0
003267,1,0,-1,1,0,0,1,0,0,1,1,0
003326,1,0,-1,1,1,0,1,1,0,1,2,0
003347,1,0,-1,1,0,0,1,0,0,1,1,0
003372,1,0,-1,1,0,0,1,0,0,1,1,0
003389,1,0,-1,1,0,0,1,0,0,1,1,0
003445,1,0,-1,1,0,0,1,0,0,1,1,0
003472,1,0,-1,1,0,0,1,1,0,1,1,0
003498,1,0,-1,1,0,0,1,0,0,1,1,0
003540,1,0,-1,1,1,0,1,0,0,1,2,0
003582,1,0,-1,1,1,0,1,0,0,1,2,0
003742,1,0,-1,1,0,0,1,1,0,1,1,0
003757,1,0,-1,1,0,0,1,1,0,1,1,0
003766,1,0,-1,1,0,0,1,0,0,1,1,0
003794,1,0,-1,1,1,0,1,0,0,1,2,0
003816,1,0,-1,0,1,1,0,1,1,0,2,1
003870,1,0,-1,0,1,1,0,2,1,0,2,1
003920,1,0,-1,1,2,0,0,1,1,1,3,0
003950,1,0,-1,1,2,0,1,1,0,1,3,0
004021,1,0,-1,1,0,0,1,0,0,1,1,0
004155,1,0,-1,0,0,1,0,1,1,0,1,1
004207,1,0,-1,1,2,0,1,2,0,1,3,0
004302,1,0,-1,1,0,0,1,1,0,1,1,0
004414,1,0,-1,1,1,0,1,1,0,1,2,0
004442,1,0,-1,1,0,0,1,1,0,1,1,0
004453,1,0,-1,1,0,0,1,1,0,1,1,0
004477,1,0,-1,1,1,0,1,1,0,1,2,0
004567,1,0,-1,1,0,0,1,1,0,1,1,0
004670,1,0,-1,1,0,0,1,0,0,1,1,0
004697,1,0,-1,1,3,0,1,4,0,1,4,0
004736,1,0,-1,1,0,0,1,1,0,1,1,0
004851,1,0,-1,1,0,0,1,1,0,1,1,0
004858,1,0,-1,1,0,0,1,1,0,1,1,0
004933,1,0,-1,1,1,0,1,1,0,1,2,0
004979,1,0,-1,1,0,0,1,0,0,1,1,0
005009,1,0,-1,1,1,0,1,1,0,1,2,0
005095,1,0,-1,1,1,0,1,1,0,1,2,0
005194,1,0,-1,1,0,0,1,0,0,1,1,0
005234,1,0,-1,1,0,0,1,0,0,1,1,0
005402,1,0,-1,1,0,0,0,1,1,1,1,0
005490,1,0,-1,1,0,0,1,2,0,1,1,0
005650,1,0,-1,1,1,0,1,2,0,1,2,0
005744,1,0,-1,1,0,0,1,0,0,1,1,0
005785,1,0,-1,1,0,0,1,1,0,1,1,0
005800,1,0,-1,1,0,0,1,0,0,1,1,0
005892,1,0,-1,1,0,0,1,0,0,1,1,0
005934,1,0,-1,0,1,1,0,1,1,0,2,1
005935,1,0,-1,1,2,0,1,3,0,1,3,0
005939,1,0,-1,1,1,0,1,0,0,1,2,0
005953,1,0,-1,0,1,1,0,2,1,0,2,1
005955,1,0,-1,1,0,0,1,0,0,1,1,0
006077,1,0,-1,1,0,0,1,0,0,1,1,0
006086,1,0,-1,1,0,0,1,1,0,1,1,0
006255,1,0,-1,1,0,0,1,0,0,1,1,0
006331,1,0,-1,1,0,0,1,1,0,1,1,0
006511,1,0,-1,1,0,0,1,0,0,1,1,0
006871,1,0,-1,1,0,0,1,0,0,1,1,0
006991,1,0,-1,1,0,0,1,0,0,1,1,0
007012,1,0,-1,0,0,1,0,0,1,0,1,1
007051,1,0,-1,1,2,0,1,2,0,1,3,0
007183,1,0,-1,1,0,0,1,0,0,1,1,0
007291,1,0,-1,1,0,0,1,0,0,1,1,0
007313,1,0,-1,0,1,1,0,1,1,0,2,1
007347,1,0,-1,1,2,0,1,3,0,1,3,0
007391,1,0,-1,1,4,0,1,3,0,1,5,0
007400,1,0,-1,1,0,0,1,0,0,1,1,0
007442,1,0,-1,1,5,0,1,6,0,1,6,0
007550,1,0,-1,1,0,0,1,0,0,1,1,0
007674,1,0,-1,1,0,0,1,0,0,1,1,0
007703,1,0,-1,1,0,0,1,1,0,1,1,0
007738,1,0,-1,0,3,1,0,3,1,0,4,1
007879,1,0,-1,1,0,0,1,1,0,1,1,0
007887,1,0,-1,1,1,0,1,0,0,1,2,0
007893,1,0,-1,1,0,0,0,2,1,1,1,0
007907,1,0,-1,1,0,0,1,1,0,1,1,0
007937,1,0,-1,0,3,1,0,3,1,0,4,1
008021,1,0,-1,1,0,0,1,0,0,1,1,0
008143,1,0,-1,1,0,0,1,0,0,1,1,0
008153,1,0,-1,1,1,0,1,1,0,1,2,0
008242,1,0,-1,1,0,0,1,0,0,1,1,0
008289,1,0,-1,0,0,1,0,1,1,0,1,1
008343,1,0,-1,1,0,0,0,1,1,1,1,0
008379,1,0,-1,1,0,0,1,1,0,1,1,0
008435,1,0,-1,1,0,0,1,0,0,1,1,0
008487,1,0,-1,0,3,1,0,3,1,0,4,1
008590,1,0,-1,1,6,0,1,3,0,1,7,0
008611,1,0,-1,1,0,0,1,0,0,1,1,0
008637,1,0,-1,1,0,0,1,0,0,1,1,0
008658,1,0,-1,1,0,0,1,0,0,1,1,0
008830,1,0,-1,1,0,0,1,0,0,1,1,0
008852,1,0,-1,1,1,0,1,2,0,1,2,0
008906,1,0,-1,1,0,0,1,0,0,1,1,0
009071,1,0,-1,1,0,0,1,1,0,1,1,0
009104,1,0,-1,1,0,0,1,0,0,1,1,0
009158,1,0,-1,1,0,0,1,1,0,1,1,0
009217,1,0,-1,1,0,0,1,0,0,1,1,0
009241,1,0,-1,1,0,0,1,0,0,1,1,0
009257,1,0,-1,1,2,0,1,1,0,1,3,0
009276,1,0,-1,1,0,0,1,1,0,1,1,0
009293,1,0,-1,1,0,0,1,0,0,1,1,0
009301,1,0,-1,1,0,0,1,0,0,1,1,0
009366,1,0,-1,1,1,0,1,1,0,1,2,0
009521,1,0,-1,1,3,0,1,4,0,1,4,0
009552,1,0,-1,0,1,1,0,1,1,0,2,1
009731,1,0,-1,1,0,0,1,0,0,1,1,0
009752,1,0,-1,0,0,1,0,0,1,0,1,1
009817,1,0,-1,1,0,0,1,0,0,1,1,0
009835,1,0,-1,1,0,0,1,0,0,1,1,0
006500,37,0,-2,35,5,2,37,9,0,35,7,2
002557,15,0,-2,10,5,5,9,6,6,10,7,5
000025,10,0,-2,7,4,3,8,2,2,7,6,3
008504,10,0,-2,10,5,0,10,8,0,10,7,0
004134,9,0,-2,6,1,3,5,0,4,6,3,3
007634,9,0,-2,8,3,1,7,1,2,8,5,1
001975,8,0,-2,8,2,0,8,2,0,8,4,0
004666,8,0,-2,8,1,0,8,2,0,8,3,0
000727,7,0,-2,6,0,1,6,2,1,6,2,1
002575,7,0,-2,7,1,0,6,2,1,7,3,0
003746,7,0,-2,5,0,2,4,2,3,5,2,2
003853,7,0,-2,6,1,1,6,3,1,6,3,1
004027,7,0,-2,5,0,2,6,0,1,5,2,2
007332,7,0,-2,5,2,2,5,3,2,5,4,2
008548,7,0,-2,6,4,1,6,2,1,6,6,1
002999,6,0,-2,6,1,0,5,2,1,6,3,0
003959,6,0,-2,5,0,1,6,1,0,5,2,1
004476,6,0,-2,6,2,0,6,4,0,6,4,0
005415,6,0,-2,3,1,3,4,2,2,3,3,3
009529,6,0,-2,5,1,1,5,2,1,5,3,1
000497,5,0,-2,4,0,1,5,0,0,4,2,1
002119,5,0,-2,3,3,2,4,4,1,3,5,2
002622,5,0,-2,5,0,0,5,1,0,5,2,0
005858,5,0,-2,5,1,0,5,1,0,5,3,0
006552,5,0,-2,3,3,2,4,4,1,3,5,2
006787,5,0,-2,5,0,0,5,2,0,5,2,0
006885,5,0,-2,4,1,1,4,1,1,4,3,1
008957,5,0,-2,5,2,0,5,0,0,5,4,0
009750,5,0,-2,4,1,1,4,1,1,4,3,1
000397,4,0,-2,3,3,1,4,6,0,3,5,1
001251,4,0,-2,2,3,2,2,5,2,2,5,2
002074,4,0,-2,3,0,1,3,0,1,3,2,1
002821,4,0,-2,4,0,0,4,0,0,4,2,0
003677,4,0,-2,4,0,0,4,1,0,4,2,0
004198,4,0,-2,2,0,2,4,2,0,2,2,2
004827,4,0,-2,4,2,0,3,2,1,4,4,0
005612,4,0,-2,3,1,1,2,2,2,3,3,1
007017,4,0,-2,3,1,1,3,1,1,3,3,1
007471,4,0,-2,4,5,0,4,3,0,4,7,0
008050,4,0,-2,2,1,2,2,1,2,2,3,2
000666,3,0,-2,3,1,0,3,3,0,3,3,0
001722,3,0,-2,3,0,0,3,0,0,3,2,0
002123,3,0,-2,2,0,1,3,0,0,2,2,1
002639,3,0,-2,3,1,0,3,2,0,3,3,0
003418,3,0,-2,2,2,1,2,2,1,2,4,1
003520,3,0,-2,3,0,0,3,0,0,3,2,0
003563,3,0,-2,1,1,2,1,1,2,1,3,2
004289,3,0,-2,3,0,0,3,0,0,3,2,0
004964,3,0,-2,3,0,0,3,1,0,3,2,0
006508,3,0,-2,3,0,0,3,2,0,3,2,0
006743,3,0,-2,2,0,1,2,1,1,2,2,1
007157,3,0,-2,3,0,0,3,1,0,3,2,0
007405,3,0,-2,3,1,0,3,2,0,3,3,0
008540,3,0,-2,3,1,0,3,1,0,3,3,0
008686,3,0,-2,3,4,0,3,4,0,3,6,0
000227,2,0,-2,2,0,0,2,0,0,2,2,0
001302,2,0,-2,2,3,0,2,3,0,2,5,0
001743,2,0,-2,1,1,1,1,0,1,1,3,1
002438,2,0,-2,2,0,0,2,0,0,2,2,0
002488,2,0,-2,2,0,0,2,0,0,2,2,0
003371,2,0,-2,0,1,2,0,1,2,0,3,2
003768,2,0,-2,2,0,0,2,1,0,2,2,0
003769,2,0,-2,2,2,0,2,2,0,2,4,0
004515,2,0,-2,2,1,0,2,2,0,2,3,0
005832,2,0,-2,2,0,0,2,0,0,2,2,0
007492,2,0,-2,2,0,0,2,2,0,2,2,0
008288,2,0,-2,2,2,0,2,0,0,2,4,0
008945,2,0,-2,2,0,0,2,0,0,2,2,0
009103,2,0,-2,2,0,0,2,0,0,2,2,0
009846,2,0,-2,2,0,0,2,0,0,2,2,0
000466,1,0,-2,1,0,0,1,2,0,1,2,0
000983,1,0,-2,1,0,0,1,0,0,1,2,0
001602,1,0,-2,1,1,0,1,1,0,1,3,0
002013,1,0,-2,1,0,0,1,0,0,1,2,0
004319,1,0,-2,1,2,0,1,2,0,1,4,0
004427,1,0,-2,1,0,0,1,0,0,1,2,0
004594,1,0,-2,1,1,0,1,0,0,1,3,0
004613,1,0,-2,1,0,0,1,1,0,1,2,0
004861,1,0,-2,1,0,0,1,0,0,1,2,0
004945,1,0,-2,1,0,0,1,1,0,1,2,0
005428,1,0,-2,1,1,0,1,1,0,1,3,0
005776,1,0,-2,1,0,0,1,0,0,1,2,0
006168,1,0,-2,1,0,0,1,0,0,1,2,0
006271,1,0,-2,1,1,0,1,1,0,1,3,0
006650,1,0,-2,1,0,0,1,0,0,1,2,0
006834,1,0,-2,1,0,0,1,2,0,1,2,0
007529,1,0,-2,1,0,0,1,1,0,1,2,0
008054,1,0,-2,1,0,0,1,1,0,1,2,0
008182,1,0,-2,1,2,0,1,1,0,1,4,0
008214,1,0,-2,1,0,0,1,0,0,1,2,0
008330,1,0,-2,1,0,0,1,0,0,1,2,0
008544,1,0,-2,1,0,0,1,1,0,1,2,0
008650,1,0,-2,1,2,0,1,2,0,1,4,0
008736,1,0,-2,1,1,0,1,0,0,1,3,0
009109,1,0,-2,1,2,0,0,1,1,1,4,0
009474,1,0,-2,1,0,0,1,0,0,1,2,0
009483,1,0,-2,1,0,0,1,0,0,1,2,0
009662,1,0,-2,1,4,0,1,2,0,1,6,0
003989,8,0,-3,7,0,1,7,1,1,7,3,1
006145,8,0,-3,6,1,2,7,4,1,6,4,2
004598,7,0,-3,6,1,1,6,4,1,6,4,1
002626,6,0,-3,6,3,0,6,4,0,6,6,0
004337,6,0,-3,6,4,0,6,4,0,6,7,0
005044,6,0,-3,6,1,0,5,0,1,6,4,0
006051,6,0,-3,6,2,0,6,1,0,6,5,0
003115,5,0,-3,5,0,0,5,0,0,5,3,0
005459,4,0,-3,4,3,0,3,3,1,4,6,0
006461,4,0,-3,3,2,1,3,5,1,3,5,1
001167,3,0,-3,2,0,1,2,2,1,2,3,1
001256,3,0,-3,2,0,1,2,3,1,2,3,1
002638,3,0,-3,3,1,0,3,3,0,3,4,0
007032,3,0,-3,2,1,1,1,2,2,2,4,1
007281,3,0,-3,3,0,0,3,2,0,3,3,0
004084,2,0,-3,2,0,0,2,0,0,2,3,0
005375,2,0,-3,2,0,0,2,0,0,2,3,0
006571,2,0,-3,2,2,0,1,0,1,2,5,0
009744,2,0,-3,2,2,0,2,1,0,2,5,0
001246,1,0,-3,0,0,1,1,0,0,0,3,1
002414,1,0,-3,1,0,0,1,1,0,1,3,0
002570,1,0,-3,1,0,0,1,6,0,1,3,0
004156,1,0,-3,1,0,0,1,0,0,1,3,0
009921,1,0,-3,0,1,1,0,2,1,0,4,1
005060,9,0,-4,8,1,1,7,1,2,8,5,1
007648,5,0,-4,5,2,0,5,3,0,5,6,0
002705,4,0,-4,4,1,0,4,5,0,4,5,0
003010,3,0,-4,3,0,0,3,0,0,3,4,0
003697,3,0,-4,2,2,1,1,2,2,2,6,1
009660,3,0,-4,2,1,1,2,4,1,2,5,1
005555,2,0,-4,2,2,0,2,6,0,2,6,0
004422,1,0,-4,0,1,1,1,2,0,0,5,1
007789,1,0,-4,1,3,0,0,5,1,1,7,0
004250,7,0,-5,6,5,1,7,5,0,6,10,1
001275,6,0,-9,6,19,0,6,19,0,6,28,0
001792,12,-1,4,10,7,2,9,3,3,9,3,3
001307,10,-1,3,9,6,1,9,4,1,8,3,2
009553,9,-1,3,9,5,0,9,7,0,8,2,1
005883,7,-1,3,3,5,4,3,2,4,2,2,5
005907,7,-1,3,6,6,1,4,3,3,5,3,2
000111,4,-1,3,3,10,1,4,5,0,2,7,2
009423,3,-1,3,3,4,0,3,1,0,2,1,1
007178,2,-1,3,2,5,0,2,1,0,1,2,1
004959,9,-1,2,9,3,0,8,1,1,8,1,1
003049,6,-1,2,5,7,1,4,4,2,4,5,2
006826,6,-1,2,6,6,0,6,4,0,5,4,1
007961,6,-1,2,5,3,1,5,1,1,4,1,2
009056,6,-1,2,4,2,2,4,3,2,3,0,3
007060,5,-1,2,2,2,3,2,4,3,1,0,4
004465,4,-1,2,4,2,0,2,1,2,3,0,1
008785,3,-1,2,3,2,0,3,1,0,2,0,1
006882,2,-1,2,1,3,1,2,1,0,0,1,2
007561,2,-1,2,2,5,0,1,2,1,1,3,1
009284,15,-1,1,12,2,3,11,3,4,11,1,4
009782,11,-1,1,11,3,0,11,3,0,10,2,1
000212,10,-1,1,8,9,2,8,7,2,7,8,3
004154,9,-1,1,8,3,1,8,2,1,7,2,2
007406,9,-1,1,8,2,1,8,0,1,7,1,2
009322,9,-1,1,8,1,1,9,1,0,7,0,2
003139,8,-1,1,8,3,0,7,8,1,7,2,1
001354,7,-1,1,7,1,0,6,0,1,6,0,1
003692,7,-1,1,6,5,1,6,1,1,5,4,2
009237,7,-1,1,5,2,2,6,0,1,4,1,3
003252,5,-1,1,5,4,0,4,3,1,4,3,1
004373,5,-1,1,3,2,2,2,1,3,2,1,3
004462,5,-1,1,5,2,0,4,0,1,4,1,1
004698,5,-1,1,4,1,1,3,1,2,3,0,2
005844,5,-1,1,4,3,1,2,2,3,3,2,2
007335,5,-1,1,4,2,1,4,3,1,3,1,2
007596,5,-1,1,5,2,0,5,2,0,4,1,1
008073,5,-1,1,5,2,0,4,1,1,4,1,1
009895,5,-1,1,5,3,0,5,1,0,4,2,1
001267,4,-1,1,3,3,1,2,2,2,2,2,2
002159,4,-1,1,4,3,0,4,1,0,3,2,1
004098,4,-1,1,4,3,0,3,1,1,3,2,1
007949,4,-1,1,4,2,0,4,2,0,3,1,1
008947,4,-1,1,3,2,1,3,0,1,2,1,2
009240,4,-1,1,4,1,0,4,2,0,3,0,1
009844,4,-1,1,4,1,0,4,1,0,3,0,1
001065,3,-1,1,3,1,0,2,1,1,2,0,1
001301,3,-1,1,3,2,0,3,2,0,2,1,1
002297,3,-1,1,3,1,0,3,1,0,2,0,1
003141,3,-1,1,3,6,0,3,7,0,2,5,1
004038,3,-1,1,3,1,0,3,1,0,2,0,1
004308,3,-1,1,3,1,0,3,0,0,2,0,1
005869,3,-1,1,3,1,0,3,0,0,2,0,1
006333,3,-1,1,3,1,0,3,1,0,2,0,1
006347,3,-1,1,2,1,1,1,1,2,1,0,2
006915,3,-1,1,3,1,0,3,0,0,2,0,1
007043,3,-1,1,3,1,0,3,1,0,2,0,1
008479,3,-1,1,3,3,0,2,2,1,2,2,1
008661,3,-1,1,1,1,2,0,1,3,0,0,3
009556,3,-1,1,3,1,0,2,2,1,2,0,1
009663,3,-1,1,2,2,1,2,1,1,1,1,2
001297,2,-1,1,2,2,0,1,4,1,1,1,1
003514,2,-1,1,2,1,0,2,1,0,1,0,1
004900,2,-1,1,2,2,0,2,2,0,1,1,1
005187,2,-1,1,2,2,0,1,1,1,1,1,1
005473,2,-1,1,2,1,0,2,1,0,1,0,1
006516,2,-1,1,1,5,1,1,4,1,0,4,2
007453,2,-1,1,2,3,0,1,1,1,1,2,1
007706,2,-1,1,2,1,0,2,1,0,1,0,1
008276,2,-1,1,2,3,0,2,0,0,1,2,1
008798,2,-1,1,2,1,0,2,1,0,1,0,1
001025,1,-1,1,1,2,0,1,2,0,0,1,1
001616,1,-1,1,1,1,0,1,0,0,0,0,1
003854,1,-1,1,1,1,0,1,0,0,0,0,1
007366,1,-1,1,1,2,0,1,1,0,0,1,1
009595,1,-1,1,1,2,0,0,0,1,0,1,1
009843,1,-1,1,1,2,0,1,0,0,0,1,1
009430,15,-1,0,10,2,5,13,0,2,9,2,6
009376,14,-1,0,13,6,1,12,2,2,12,6,2
003882,12,-1,0,1,1,11,2,2,10,0,1,12
001188,9,-1,0,8,5,1,8,4,1,7,5,2
003448,9,-1,0,6,5,3,6,5,3,5,5,4
008081,9,-1,0,9,7,0,8,4,1,8,7,1
005301,8,-1,0,5,0,3,4,0,4,4,0,4
000445,7,-1,0,7,1,0,7,0,0,6,1,1
001189,7,-1,0,7,2,0,5,3,2,6,2,1
006195,7,-1,0,7,4,0,7,1,0,6,4,1
000014,6,-1,0,4,1,2,3,1,3,3,1,3
000178,6,-1,0,6,5,0,5,7,1,5,5,1
003471,6,-1,0,5,4,1,4,7,2,4,4,2
005523,6,-1,0,6,2,0,6,3,0,5,2,1
005766,6,-1,0,6,4,0,5,3,1,5,4,1
007994,6,-1,0,6,1,0,6,0,0,5,1,1
001363,5,-1,0,4,0,1,3,0,2,3,0,2
001831,5,-1,0,5,3,0,5,2,0,4,3,1
001947,5,-1,0,3,2,2,4,2,1,2,2,3
002111,5,-1,0,5,1,0,5,0,0,4,1,1
003014,5,-1,0,2,1,3,0,1,5,1,1,4
003251,5,-1,0,4,1,1,5,0,0,3,1,2
003787,5,-1,0,5,0,0,5,0,0,4,0,1
005180,5,-1,0,5,4,0,4,3,1,4,4,1
006481,5,-1,0,4,2,1,4,0,1,3,2,2
007573,5,-1,0,5,2,0,4,4,1,4,2,1
008605,5,-1,0,5,1,0,4,2,1,4,1,1
001163,4,-1,0,3,4,1,3,5,1,2,4,2
001261,4,-1,0,3,2,1,3,2,1,2,2,2
001769,4,-1,0,4,3,0,4,1,0,3,3,1
001942,4,-1,0,4,2,0,3,1,1,3,2,1
002455,4,-1,0,3,2,1,3,1,1,2,2,2
003249,4,-1,0,4,0,0,4,0,0,3,0,1
003771,4,-1,0,3,3,1,3,4,1,2,3,2
004497,4,-1,0,3,0,1,3,0,1,2,0,2
005329,4,-1,0,3,0,1,3,4,1,2,0,2
005677,4,-1,0,3,0,1,3,0,1,2,0,2
005703,4,-1,0,3,1,1,4,2,0,2,1,2
007255,4,-1,0,2,1,2,2,0,2,1,1,3
007301,4,-1,0,3,3,1,3,1,1,2,3,2
008393,4,-1,0,2,0,2,3,1,1,1,0,3
008551,4,-1,0,3,0,1,3,1,1,2,0,2
008619,4,-1,0,4,0,0,3,1,1,3,0,1
001763,3,-1,0,2,0,1,2,0,1,1,0,2
002789,3,-1,0,3,1,0,2,1,1,2,1,1
003111,3,-1,0,2,2,1,1,1,2,1,2,2
003733,3,-1,0,3,0,0,3,0,0,2,0,1
004610,3,-1,0,3,1,0,2,2,1,2,1,1
006050,3,-1,0,3,0,0,2,0,1,2,0,1
006732,3,-1,0,2,0,1,1,1,2,1,0,2
006745,3,-1,0,3,4,0,3,3,0,2,4,1
006982,3,-1,0,3,1,0,2,0,1,2,1,1
007156,3,-1,0,1,1,2,0,1,3,0,1,3
007816,3,-1,0,1,4,2,1,3,2,0,4,3
008459,3,-1,0,2,3,1,1,4,2,1,3,2
009223,3,-1,0,3,0,0,2,0,1,2,0,1
000001,2,-1,0,2,0,0,1,0,1,1,0,1
000003,2,-1,0,1,0,1,1,0,1,0,0,2
000157,2,-1,0,2,4,0,0,2,2,1,4,1
000286,2,-1,0,2,0,0,2,0,0,1,0,1
000453,2,-1,0,2,0,0,2,0,0,1,0,1
000743,2,-1,0,2,0,0,2,0,0,1,0,1
000922,2,-1,0,2,1,0,2,1,0,1,1,1
001044,2,-1,0,2,0,0,2,0,0,1,0,1
001681,2,-1,0,2,0,0,1,1,1,1,0,1
001779,2,-1,0,2,0,0,1,1,1,1,0,1
001811,2,-1,0,1,2,1,1,1,1,0,2,2
001961,2,-1,0,2,2,0,2,1,0,1,2,1
003081,2,-1,0,2,0,0,2,0,0,1,0,1
003775,2,-1,0,2,0,0,2,0,0,1,0,1
004104,2,-1,0,2,1,0,2,0,0,1,1,1
004762,2,-1,0,2,1,0,2,1,0,1,1,1
005505,2,-1,0,2,0,0,2,0,0,1,0,1
006036,2,-1,0,2,1,0,2,1,0,1,1,1
006094,2,-1,0,1,1,1,0,1,2,0,1,2
006531,2,-1,0,1,1,1,0,2,2,0,1,2
006780,2,-1,0,2,1,0,1,1,1,1,1,1
007000,2,-1,0,2,0,0,2,1,0,1,0,1
007512,2,-1,0,1,3,1,2,1,0,0,3,2
007938,2,-1,0,2,1,0,2,0,0,1,1,1
008071,2,-1,0,2,0,0,1,1,1,1,0,1
008145,2,-1,0,2,0,0,2,0,0,1,0,1
008711,2,-1,0,2,0,0,1,1,1,1,0,1
008990,2,-1,0,2,0,0,2,1,0,1,0,1
009143,2,-1,0,2,1,0,2,2,0,1,1,1
000068,1,-1,0,1,0,0,1,0,0,0,0,1
000128,1,-1,0,1,5,0,1,3,0,0,5,1
001600,1,-1,0,1,3,0,1,3,0,0,3,1
001753,1,-1,0,1,0,0,1,0,0,0,0,1
001786,1,-1,0,1,2,0,1,1,0,0,2,1
002007,1,-1,0,1,1,0,1,1,0,0,1,1
002694,1,-1,0,1,2,0,1,3,0,0,2,1
003215,1,-1,0,1,0,0,0,2,1,0,0,1
003317,1,-1,0,1,1,0,1,1,0,0,1,1
004385,1,-1,0,1,1,0,1,1,0,0,1,1
004431,1,-1,0,1,0,0,1,0,0,0,0,1
005011,1,-1,0,1,4,0,0,3,1,0,4,1
005167,1,-1,0,1,1,0,0,1,1,0,1,1
005241,1,-1,0,1,2,0,1,0,0,0,2,1
007638,1,-1,0,1,1,0,0,1,1,0,1,1
007708,1,-1,0,1,3,0,0,4,1,0,3,1
008078,1,-1,0,1,2,0,1,1,0,0,2,1
008571,1,-1,0,1,1,0,0,1,1,0,1,1
009642,1,-1,0,1,0,0,1,0,0,0,0,1
002475,13,-1,-1,13,0,0,13,0,0,12,1,1
008383,13,-1,-1,13,4,0,13,2,0,12,5,1
005717,10,-1,-1,10,2,0,9,1,1,9,3,1
002582,8,-1,-1,8,3,0,8,2,0,7,4,1
004781,7,-1,-1,7,0,0,6,0,1,6,1,1
008367,7,-1,-1,4,4,3,6,4,1,3,5,4
008797,7,-1,-1,6,1,1,6,1,1,5,2,2
001039,6,-1,-1,5,0,1,6,0,0,4,1,2
001085,6,-1,-1,6,4,0,6,4,0,5,5,1
001210,6,-1,-1,6,0,0,5,0,1,5,1,1
002294,6,-1,-1,5,2,1,5,3,1,4,3,2
003517,6,-1,-1,6,1,0,5,2,1,5,2,1
000201,5,-1,-1,4,1,1,4,0,1,3,2,2
002964,5,-1,-1,4,2,1,4,1,1,3,3,2
004923,5,-1,-1,4,1,1,3,1,2,3,2,2
008344,5,-1,-1,5,0,0,4,0,1,4,1,1
000487,4,-1,-1,4,1,0,4,1,0,3,2,1
000990,4,-1,-1,3,3,1,4,2,0,2,4,2
001026,4,-1,-1,4,1,0,3,1,1,3,2,1
002144,4,-1,-1,3,0,1,3,1,1,2,1,2
002591,4,-1,-1,4,1,0,4,1,0,3,2,1
003050,4,-1,-1,4,1,0,4,2,0,3,2,1
003875,4,-1,-1,4,0,0,3,0,1,3,1,1
004188,4,-1,-1,2,1,2,4,0,0,1,2,3
008560,4,-1,-1,4,2,0,4,3,0,3,3,1
009229,4,-1,-1,4,0,0,4,0,0,3,1,1
009850,4,-1,-1,4,0,0,4,1,0,3,1,1
001648,3,-1,-1,3,2,0,2,4,1,2,3,1
003626,3,-1,-1,1,0,2,2,1,1,0,1,3
003689,3,-1,-1,2,0,1,1,3,2,1,1,2
004024,3,-1,-1,1,1,2,1,0,2,0,2,3
005197,3,-1,-1,3,0,0,3,0,0,2,1,1
005302,3,-1,-1,3,4,0,3,6,0,2,5,1
005659,3,-1,-1,3,0,0,3,0,0,2,1,1
007516,3,-1,-1,2,0,1,2,0,1,1,1,2
009119,3,-1,-1,3,1,0,3,0,0,2,2,1
000769,2,-1,-1,2,0,0,1,1,1,1,1,1
001139,2,-1,-1,2,2,0,0,1,2,1,3,1
005678,2,-1,-1,1,0,1,0,0,2,0,1,2
006165,2,-1,-1,2,0,0,2,0,0,1,1,1
006414,2,-1,-1,2,1,0,1,1,1,1,2,1
006555,2,-1,-1,2,0,0,1,0,1,1,1,1
006640,2,-1,-1,1,1,1,0,1,2,0,2,2
007733,2,-1,-1,2,1,0,1,1,1,1,2,1
008080,2,-1,-1,1,0,1,0,1,2,0,1,2
008158,2,-1,-1,2,0,0,1,0,1,1,1,1
008668,2,-1,-1,2,0,0,1,0,1,1,1,1
008952,2,-1,-1,2,1,0,1,2,1,1,2,1
009263,2,-1,-1,2,1,0,1,2,1,1,2,1
003241,1,-1,-1,1,0,0,1,1,0,0,1,1
005361,1,-1,-1,1,0,0,1,0,0,0,1,1
006504,1,-1,-1,1,2,0,1,2,0,0,3,1
006877,1,-1,-1,1,0,0,0,1,1,0,1,1
008881,1,-1,-1,1,0,0,1,0,0,0,1,1
008751,9,-1,-2,5,10,4,6,9,3,4,12,5
006358,8,-1,-2,7,5,1,8,4,0,6,7,2
008786,8,-1,-2,8,0,0,8,0,0,7,2,1
000986,7,-1,-2,7,3,0,6,3,1,6,5,1
000226,6,-1,-2,6,2,0,6,7,0,5,4,1
009861,5,-1,-2,5,2,0,5,0,0,4,4,1
007645,4,-1,-2,3,0,1,2,4,2,2,2,2
001006,2,-1,-2,1,0,1,1,2,1,0,2,2
004577,2,-1,-2,2,0,0,1,0,1,1,2,1
005616,2,-1,-2,2,0,0,1,0,1,1,2,1
006147,2,-1,-2,2,0,0,2,1,0,1,2,1
007689,2,-1,-2,2,0,0,2,1,0,1,2,1
005442,8,-1,-3,7,1,1,7,2,1,6,4,2
005771,4,-1,-3,4,3,0,4,3,0,3,6,1
005941,4,-1,-3,4,2,0,3,4,1,3,5,1
008035,4,-1,-3,4,3,0,3,3,1,3,6,1
007741,11,-1,-4,9,5,2,6,3,5,8,9,3
003590,8,-1,-4,8,1,0,8,1,0,7,5,1
006307,5,-1,-4,3,1,2,3,1,2,2,5,3
004101,2,-1,-4,1,1,1,1,2,1,0,5,2
007849,6,-2,3,4,7,2,4,5,2,2,4,4
000055,3,-2,2,2,4,1,1,3,2,0,2,3
005412,15,-2,1,13,5,2,12,4,3,11,4,4
002863,6,-2,1,6,1,0,6,1,0,4,0,2
002510,5,-2,1,5,2,0,4,3,1,3,1,2
003221,5,-2,1,4,2,1,4,0,1,2,1,3
000942,4,-2,1,3,1,1,3,0,1,1,0,3
004661,4,-2,1,3,1,1,3,1,1,1,0,3
009172,8,-2,0,7,2,1,6,4,2,5,2,3
002231,7,-2,0,2,0,5,4,0,3,0,0,7
003488,7,-2,0,7,0,0,7,0,0,5,0,2
002217,6,-2,0,4,2,2,6,2,0,2,2,4
002118,5,-2,0,5,0,0,3,0,2,3,0,2
006406,5,-2,0,5,1,0,5,1,0,3,1,2
008110,5,-2,0,5,0,0,4,0,1,3,0,2
005502,3,-2,0,2,1,1,3,1,0,0,1,3
005673,8,-2,-1,7,0,1,8,0,0,5,1,3
006567,7,-2,-1,6,7,1,6,7,1,4,8,3
008734,7,-2,-1,6,1,1,5,2,2,4,2,3
008010,6,-2,-1,5,0,1,5,0,1,3,1,3
008039,6,-2,-1,4,1,2,4,1,2,2,2,4
009601,16,-2,-2,13,3,3,14,3,2,11,5,5
004375,2,-2,-2,2,0,0,2,1,0,0,2,2
000507,15,-2,-3,13,3,2,11,3,4,11,6,4
003765,10,-3,1,4,4,6,4,3,6,1,3,9
005665,13,-3,0,10,2,3,12,2,1,7,2,6
001925,16,-4,-2,9,1,7,5,1,11,5,3,11
003592,5,-4,-3,5,0,0,4,0,1,1,3,4
